ID,n,Number of steps,Result,,
1,4,8,True,11013112324,
2,4,7,True,,
3,4,9,True,,
4,4,8,True,,
5,4,9,False,,
6,4,8,True,,
7,4,15,False,,
8,4,1,False,,
9,4,6,True,,
10,4,8,True,,
11,4,6,True,,
12,4,7,True,,
13,4,15,False,,
14,4,6,True,,
15,4,13,False,,
16,4,7,True,,
17,4,9,True,,
18,4,15,False,,
19,4,1,False,,
20,4,6,True,,
21,4,8,True,,
22,4,5,False,,
23,4,1,False,,
24,4,11,False,,
25,4,1,False,,
26,4,19,False,,
27,4,7,True,,
28,4,8,True,,
29,4,8,True,,
30,4,1,False,,
31,4,17,False,,
32,4,15,False,,
33,4,9,False,,
34,4,13,True,,
35,4,17,False,,
36,4,7,True,,
37,4,9,True,,
38,4,15,False,,
39,4,6,True,,
40,4,7,True,,
41,4,9,False,,
42,4,7,True,,
43,4,3,False,,
44,4,1,False,,
45,4,15,False,,
46,4,7,True,,
47,4,13,False,,
48,4,7,True,,
49,4,9,True,,
50,4,7,False,,
51,4,9,True,,
52,4,6,True,,
53,4,7,True,,
54,4,8,True,,
55,4,1,False,,
56,4,9,False,,
57,4,7,True,,
58,4,9,False,,
59,4,15,False,,
60,4,7,True,,
61,4,9,True,,
62,4,13,False,,
63,4,11,False,,
64,4,1,False,,
65,4,1,False,,
66,4,7,True,,
67,4,1,False,,
68,4,6,True,,
69,4,9,True,,
70,4,1,False,,
71,4,7,True,,
72,4,6,True,,
73,4,7,True,,
74,4,9,True,,
75,4,9,False,,
76,4,8,True,,
77,4,1,False,,
78,4,13,False,,
79,4,6,True,,
80,4,8,True,,
81,4,1,False,,
82,4,6,True,,
83,4,9,True,,
84,4,9,False,,
85,4,15,False,,
86,4,3,False,,
87,4,15,False,,
88,4,7,False,,
89,4,9,False,,
90,4,6,True,,
91,4,1,False,,
92,4,1,False,,
93,4,9,False,,
94,4,1,False,,
95,4,6,True,,
96,4,6,True,,
97,4,1,False,,
98,4,8,True,,
99,4,3,False,,
100,4,8,True,,
101,4,6,True,,
102,4,7,True,,
103,4,8,True,,
104,4,13,False,,
105,4,9,False,,
106,4,11,False,,
107,4,1,False,,
108,4,7,True,,
109,4,6,True,,
110,4,3,False,,
111,4,6,True,,
112,4,9,False,,
113,4,1,False,,
114,4,6,True,,
115,4,1,False,,
116,4,9,False,,
117,4,15,False,,
118,4,9,True,,
119,4,11,False,,
120,4,1,False,,
121,4,6,True,,
122,4,7,True,,
123,4,1,False,,
124,4,8,True,,
125,4,7,True,,
126,4,9,True,,
127,4,13,False,,
128,4,11,False,,
129,4,7,True,,
130,4,1,False,,
131,4,1,False,,
132,4,1,False,,
133,4,8,True,,
134,4,7,True,,
135,4,1,False,,
136,4,7,True,,
137,4,1,False,,
138,4,8,True,,
139,4,8,True,,
140,4,1,False,,
141,4,6,True,,
142,4,6,True,,
143,4,6,True,,
144,4,9,True,,
145,4,9,True,,
146,4,7,True,,
147,4,1,False,,
148,4,1,False,,
149,4,9,False,,
150,4,6,True,,
151,4,1,False,,
152,4,15,False,,
153,4,7,True,,
154,4,7,True,,
155,4,3,False,,
156,4,6,True,,
157,4,9,False,,
158,4,6,True,,
159,4,8,True,,
160,4,1,False,,
161,4,8,True,,
162,4,9,True,,
163,4,1,False,,
164,4,15,False,,
165,4,7,True,,
166,4,9,False,,
167,4,1,False,,
168,4,15,False,,
169,4,6,True,,
170,4,9,False,,
171,4,11,False,,
172,4,1,False,,
173,4,1,False,,
174,4,8,True,,
175,4,7,True,,
176,4,9,False,,
177,4,9,True,,
178,4,1,False,,
179,4,1,False,,
180,4,1,False,,
181,4,6,True,,
182,4,1,False,,
183,4,9,True,,
184,4,1,False,,
185,4,6,True,,
186,4,7,True,,
187,4,1,False,,
188,4,9,False,,
189,4,6,True,,
190,4,1,False,,
191,4,1,False,,
192,4,1,False,,
193,4,6,True,,
194,4,5,False,,
195,4,15,False,,
196,4,11,True,,
197,4,13,False,,
198,4,7,True,,
199,4,7,True,,
200,4,7,True,,
201,4,9,True,,
202,4,11,False,,
203,4,6,True,,
204,4,9,True,,
205,4,8,True,,
206,4,7,True,,
207,4,9,True,,
208,4,9,False,,
209,4,1,False,,
210,4,7,False,,
211,4,7,True,,
212,4,9,True,,
213,4,8,True,,
214,4,6,True,,
215,4,9,True,,
216,4,9,True,,
217,4,9,False,,
218,4,9,False,,
219,4,15,False,,
220,4,7,True,,
221,4,5,False,,
222,4,7,True,,
223,4,1,False,,
224,4,8,True,,
225,4,11,False,,
226,4,9,False,,
227,4,7,False,,
228,4,6,True,,
229,4,8,True,,
230,4,1,False,,
231,4,6,True,,
232,4,6,True,,
233,4,1,False,,
234,4,6,True,,
235,4,6,True,,
236,4,9,False,,
237,4,8,True,,
238,4,6,True,,
239,4,11,False,,
240,4,8,True,,
241,4,1,False,,
242,4,1,False,,
243,4,9,False,,
244,4,11,False,,
245,4,8,True,,
246,4,11,False,,
247,4,1,False,,
248,4,1,False,,
249,4,7,True,,
250,4,7,True,,
251,4,9,True,,
252,4,7,True,,
253,4,11,False,,
254,4,9,False,,
255,4,9,True,,
256,4,1,False,,
257,4,6,True,,
258,4,6,True,,
259,4,7,True,,
260,4,13,False,,
261,4,15,False,,
262,4,1,False,,
263,4,1,False,,
264,4,1,False,,
265,4,15,False,,
266,4,9,False,,
267,4,17,False,,
268,4,7,True,,
269,4,1,False,,
270,4,1,False,,
271,4,6,True,,
272,4,7,True,,
273,4,7,True,,
274,4,7,True,,
275,4,7,True,,
276,4,1,False,,
277,4,6,True,,
278,4,5,False,,
279,4,1,False,,
280,4,7,True,,
281,4,5,False,,
282,4,11,False,,
283,4,7,True,,
284,4,9,True,,
285,4,6,True,,
286,4,15,False,,
287,4,3,False,,
288,4,1,False,,
289,4,6,True,,
290,4,1,False,,
291,4,8,True,,
292,4,1,False,,
293,4,1,False,,
294,4,15,False,,
295,4,7,True,,
296,4,7,True,,
297,4,7,True,,
298,4,6,True,,
299,4,7,True,,
300,4,9,True,,
301,4,6,True,,
302,4,8,True,,
303,4,9,False,,
304,4,6,True,,
305,4,1,False,,
306,4,8,True,,
307,4,7,True,,
308,4,1,False,,
309,4,6,True,,
310,4,1,False,,
311,4,6,True,,
312,4,11,False,,
313,4,1,False,,
314,4,1,False,,
315,4,6,True,,
316,4,8,True,,
317,4,7,True,,
318,4,8,True,,
319,4,3,False,,
320,4,7,True,,
321,4,7,True,,
322,4,9,True,,
323,4,17,False,,
324,4,6,True,,
325,4,9,False,,
326,4,6,True,,
327,4,11,False,,
328,4,15,False,,
329,4,9,False,,
330,4,6,True,,
331,4,9,False,,
332,4,6,True,,
333,4,7,True,,
334,4,7,True,,
335,4,1,False,,
336,4,7,True,,
337,4,9,False,,
338,4,6,True,,
339,4,6,True,,
340,4,9,False,,
341,4,7,True,,
342,4,7,True,,
343,4,13,False,,
344,4,7,True,,
345,4,7,True,,
346,4,15,False,,
347,4,6,True,,
348,4,9,True,,
349,4,6,True,,
350,4,7,True,,
351,4,1,False,,
352,4,6,True,,
353,4,7,True,,
354,4,3,False,,
355,4,7,True,,
356,4,6,True,,
357,4,1,False,,
358,4,1,False,,
359,4,7,True,,
360,4,7,True,,
361,4,7,True,,
362,4,9,True,,
363,4,5,False,,
364,4,8,True,,
365,4,6,True,,
366,4,6,True,,
367,4,1,False,,
368,4,1,False,,
369,4,6,True,,
370,4,9,False,,
371,4,11,False,,
372,4,6,True,,
373,4,9,False,,
374,4,1,False,,
375,4,9,True,,
376,4,6,True,,
377,4,8,True,,
378,4,6,True,,
379,4,7,True,,
380,4,7,True,,
381,4,9,True,,
382,4,1,False,,
383,4,9,False,,
384,4,1,False,,
385,4,1,False,,
386,4,7,True,,
387,4,8,True,,
388,4,6,True,,
389,4,6,True,,
390,4,6,True,,
391,4,7,True,,
392,4,6,True,,
393,4,7,True,,
394,4,15,False,,
395,4,9,True,,
396,4,7,False,,
397,4,7,True,,
398,4,7,True,,
399,4,7,True,,
400,4,9,False,,
401,4,8,True,,
402,4,1,False,,
403,4,1,False,,
404,4,7,True,,
405,4,9,False,,
406,4,8,True,,
407,4,8,True,,
408,4,7,True,,
409,4,8,True,,
410,4,1,False,,
411,4,6,True,,
412,4,15,False,,
413,4,7,True,,
414,4,6,True,,
415,4,9,True,,
416,4,7,True,,
417,4,7,True,,
418,4,9,False,,
419,4,6,True,,
420,4,1,False,,
421,4,6,True,,
422,4,1,False,,
423,4,1,False,,
424,4,7,True,,
425,4,6,True,,
426,4,8,True,,
427,4,17,False,,
428,4,9,True,,
429,4,1,False,,
430,4,6,True,,
431,4,6,True,,
432,4,7,True,,
433,4,7,True,,
434,4,3,False,,
435,4,1,False,,
436,4,6,True,,
437,4,6,True,,
438,4,1,False,,
439,4,9,True,,
440,4,6,True,,
441,4,6,True,,
442,4,7,True,,
443,4,1,False,,
444,4,15,False,,
445,4,13,False,,
446,4,7,True,,
447,4,9,False,,
448,4,6,True,,
449,4,7,True,,
450,4,7,True,,
451,4,15,False,,
452,4,1,False,,
453,4,1,False,,
454,4,6,True,,
455,4,6,True,,
456,4,1,False,,
457,4,6,True,,
458,4,7,True,,
459,4,8,True,,
460,4,6,True,,
461,4,1,False,,
462,4,6,True,,
463,4,7,True,,
464,4,13,False,,
465,4,6,True,,
466,4,8,True,,
467,4,6,True,,
468,4,1,False,,
469,4,1,False,,
470,4,1,False,,
471,4,9,False,,
472,4,6,True,,
473,4,8,True,,
474,4,1,False,,
475,4,6,True,,
476,4,9,False,,
477,4,9,True,,
478,4,7,True,,
479,4,7,True,,
480,4,13,False,,
481,4,6,True,,
482,4,7,False,,
483,4,6,True,,
484,4,7,False,,
485,4,8,True,,
486,4,8,True,,
487,4,7,True,,
488,4,1,False,,
489,4,9,True,,
490,4,8,True,,
491,4,1,False,,
492,4,1,False,,
493,4,6,True,,
494,4,7,True,,
495,4,1,False,,
496,4,11,False,,
497,4,6,True,,
498,4,8,True,,
499,4,8,True,,
500,4,15,False,,
1,10,17,True,,
2,10,20,True,,
3,10,12,True,,
4,10,12,True,,
5,10,1,False,,
6,10,14,True,,
7,10,1,False,,
8,10,1,False,,
9,10,19,True,,
10,10,15,True,,
11,10,17,True,,
12,10,17,True,,
13,10,597,False,,
14,10,15,True,,
15,10,169,False,,
16,10,20,True,,
17,10,12,True,,
18,10,329,False,,
19,10,1,False,,
20,10,12,True,,
21,10,20,True,,
22,10,1,False,,
23,10,1,False,,
24,10,1,False,,
25,10,1,False,,
26,10,529,False,,
27,10,18,True,,
28,10,20,True,,
29,10,13,True,,
30,10,1,False,,
31,10,1,False,,
32,10,211,False,,
33,10,1,False,,
34,10,15,True,,
35,10,1,False,,
36,10,20,True,,
37,10,16,True,,
38,10,141,False,,
39,10,13,True,,
40,10,18,True,,
41,10,85,False,,
42,10,18,True,,
43,10,1,False,,
44,10,1,False,,
45,10,561,False,,
46,10,14,True,,
47,10,1,False,,
48,10,17,True,,
49,10,77,False,,
50,10,1,False,,
51,10,89,False,,
52,10,12,True,,
53,10,18,True,,
54,10,19,True,,
55,10,1,False,,
56,10,1,False,,
57,10,16,True,,
58,10,1,False,,
59,10,503,False,,
60,10,13,True,,
61,10,21,True,,
62,10,81,False,,
63,10,1,False,,
64,10,1,False,,
65,10,1,False,,
66,10,16,True,,
67,10,1,False,,
68,10,19,True,,
69,10,23,False,,
70,10,1,False,,
71,10,15,True,,
72,10,13,True,,
73,10,15,True,,
74,10,145,False,,
75,10,1,False,,
76,10,19,True,,
77,10,1,False,,
78,10,455,False,,
79,10,17,True,,
80,10,14,True,,
81,10,1,False,,
82,10,17,True,,
83,10,13,True,,
84,10,39,False,,
85,10,799,False,,
86,10,1,False,,
87,10,1,False,,
88,10,1,False,,
89,10,29,False,,
90,10,20,True,,
91,10,1,False,,
92,10,1,False,,
93,10,133,False,,
94,10,1,False,,
95,10,14,True,,
96,10,18,True,,
97,10,1,False,,
98,10,14,True,,
99,10,1,False,,
100,10,18,True,,
101,10,19,True,,
102,10,13,True,,
103,10,20,True,,
104,10,185,False,,
105,10,175,False,,
106,10,211,False,,
107,10,69,False,,
108,10,14,True,,
109,10,17,True,,
110,10,23,False,,
111,10,16,True,,
112,10,1,False,,
113,10,1,False,,
114,10,18,True,,
115,10,73,False,,
116,10,1,False,,
117,10,147,False,,
118,10,16,True,,
119,10,1,False,,
120,10,1,False,,
121,10,17,True,,
122,10,60,True,,
123,10,167,False,,
124,10,13,True,,
125,10,14,True,,
126,10,1,False,,
127,10,91,False,,
128,10,1,False,,
129,10,13,True,,
130,10,1,False,,
131,10,1,False,,
132,10,409,False,,
133,10,19,True,,
134,10,15,True,,
135,10,1,False,,
136,10,18,True,,
137,10,1,False,,
138,10,20,True,,
139,10,16,True,,
140,10,1,False,,
141,10,18,True,,
142,10,13,True,,
143,10,18,True,,
144,10,14,True,,
145,10,361,False,,
146,10,19,True,,
147,10,1,False,,
148,10,1,False,,
149,10,1,False,,
150,10,17,True,,
151,10,47,False,,
152,10,65,False,,
153,10,16,True,,
154,10,17,True,,
155,10,1,False,,
156,10,16,True,,
157,10,1,False,,
158,10,17,True,,
159,10,15,True,,
160,10,1,False,,
161,10,13,True,,
162,10,16,True,,
163,10,23,False,,
164,10,179,False,,
165,10,12,True,,
166,10,1,False,,
167,10,71,False,,
168,10,591,False,,
169,10,15,True,,
170,10,1,False,,
171,10,427,False,,
172,10,1,False,,
173,10,21,False,,
174,10,19,True,,
175,10,15,True,,
176,10,375,False,,
177,10,155,False,,
178,10,1,False,,
179,10,133,False,,
180,10,1,False,,
181,10,16,True,,
182,10,1,False,,
183,10,17,True,,
184,10,1,False,,
185,10,24,True,,
186,10,16,True,,
187,10,59,False,,
188,10,1,False,,
189,10,12,True,,
190,10,25,False,,
191,10,61,False,,
192,10,1,False,,
193,10,13,True,,
194,10,1,False,,
195,10,1,False,,
196,10,19,True,,
197,10,1,False,,
198,10,14,True,,
199,10,12,True,,
200,10,33,True,,
201,10,13,True,,
202,10,31,False,,
203,10,15,True,,
204,10,31,False,,
205,10,17,True,,
206,10,17,True,,
207,10,1,False,,
208,10,55,False,,
209,10,1,False,,
210,10,191,False,,
211,10,21,True,,
212,10,17,True,,
213,10,13,True,,
214,10,15,True,,
215,10,1,False,,
216,10,597,False,,
217,10,1,False,,
218,10,81,False,,
219,10,27,False,,
220,10,20,True,,
221,10,79,False,,
222,10,12,True,,
223,10,31,False,,
224,10,13,True,,
225,10,169,False,,
226,10,1,False,,
227,10,21,False,,
228,10,18,True,,
229,10,13,True,,
230,10,1,False,,
231,10,14,True,,
232,10,17,True,,
233,10,403,False,,
234,10,20,True,,
235,10,17,True,,
236,10,1,False,,
237,10,14,True,,
238,10,89,True,,
239,10,93,False,,
240,10,12,True,,
241,10,1,False,,
242,10,1,False,,
243,10,605,False,,
244,10,1,False,,
245,10,19,True,,
246,10,1,False,,
247,10,373,False,,
248,10,7,False,,
249,10,15,True,,
250,10,19,True,,
251,10,39,False,,
252,10,17,True,,
253,10,109,False,,
254,10,321,False,,
255,10,1,False,,
256,10,1,False,,
257,10,13,True,,
258,10,16,True,,
259,10,16,True,,
260,10,193,False,,
261,10,59,False,,
262,10,1,False,,
263,10,1,False,,
264,10,131,False,,
265,10,1,False,,
266,10,1,False,,
267,10,339,False,,
268,10,20,True,,
269,10,135,False,,
270,10,57,False,,
271,10,17,True,,
272,10,18,True,,
273,10,17,True,,
274,10,13,True,,
275,10,13,True,,
276,10,1,False,,
277,10,13,True,,
278,10,233,False,,
279,10,1,False,,
280,10,20,True,,
281,10,1,False,,
282,10,1,False,,
283,10,16,True,,
284,10,545,False,,
285,10,14,True,,
286,10,51,False,,
287,10,39,False,,
288,10,1,False,,
289,10,12,True,,
290,10,1,False,,
291,10,14,True,,
292,10,1,False,,
293,10,29,False,,
294,10,1,False,,
295,10,13,True,,
296,10,13,True,,
297,10,20,True,,
298,10,15,True,,
299,10,14,True,,
300,10,13,True,,
301,10,17,True,,
302,10,21,True,,
303,10,1,False,,
304,10,20,True,,
305,10,31,False,,
306,10,13,True,,
307,10,15,True,,
308,10,1,False,,
309,10,19,True,,
310,10,41,False,,
311,10,12,True,,
312,10,1,False,,
313,10,1,False,,
314,10,1,False,,
315,10,16,True,,
316,10,13,True,,
317,10,52,True,,
318,10,15,True,,
319,10,1,False,,
320,10,17,True,,
321,10,16,True,,
322,10,1,False,,
323,10,311,False,,
324,10,14,True,,
325,10,39,False,,
326,10,14,True,,
327,10,1,False,,
328,10,1,False,,
329,10,1,False,,
330,10,12,True,,
331,10,1,False,,
332,10,16,True,,
333,10,19,True,,
334,10,21,True,,
335,10,1,False,,
336,10,13,True,,
337,10,603,False,,
338,10,12,True,,
339,10,12,True,,
340,10,593,False,,
341,10,14,True,,
342,10,16,True,,
343,10,1,False,,
344,10,18,True,,
345,10,17,True,,
346,10,237,False,,
347,10,18,True,,
348,10,1,False,,
349,10,18,True,,
350,10,17,True,,
351,10,37,False,,
352,10,15,True,,
353,10,12,True,,
354,10,1,False,,
355,10,20,True,,
356,10,15,True,,
357,10,107,False,,
358,10,1,False,,
359,10,19,True,,
360,10,20,True,,
361,10,12,True,,
362,10,1,False,,
363,10,1,False,,
364,10,12,True,,
365,10,19,True,,
366,10,16,True,,
367,10,1,False,,
368,10,1,False,,
369,10,12,True,,
370,10,1,False,,
371,10,1,False,,
372,10,17,True,,
373,10,1,False,,
374,10,1,False,,
375,10,13,True,,
376,10,17,True,,
377,10,20,True,,
378,10,16,True,,
379,10,12,True,,
380,10,17,True,,
381,10,15,True,,
382,10,1,False,,
383,10,1,False,,
384,10,1,False,,
385,10,1,False,,
386,10,12,True,,
387,10,19,True,,
388,10,19,True,,
389,10,14,True,,
390,10,21,True,,
391,10,18,True,,
392,10,12,True,,
393,10,17,True,,
394,10,571,False,,
395,10,1,False,,
396,10,41,False,,
397,10,14,True,,
398,10,16,True,,
399,10,12,True,,
400,10,1,False,,
401,10,16,True,,
402,10,41,False,,
403,10,1,False,,
404,10,12,True,,
405,10,1,False,,
406,10,15,True,,
407,10,13,True,,
408,10,18,True,,
409,10,52,True,,
410,10,1,False,,
411,10,14,True,,
412,10,285,False,,
413,10,15,True,,
414,10,12,True,,
415,10,489,False,,
416,10,16,True,,
417,10,21,True,,
418,10,1,False,,
419,10,18,True,,
420,10,1,False,,
421,10,20,True,,
422,10,1,False,,
423,10,21,True,,
424,10,17,True,,
425,10,15,True,,
426,10,17,True,,
427,10,83,False,,
428,10,13,True,,
429,10,1,False,,
430,10,14,True,,
431,10,18,True,,
432,10,14,True,,
433,10,16,True,,
434,10,1,False,,
435,10,1,False,,
436,10,15,True,,
437,10,19,True,,
438,10,1,False,,
439,10,18,True,,
440,10,17,True,,
441,10,12,True,,
442,10,13,True,,
443,10,1,False,,
444,10,1,False,,
445,10,95,False,,
446,10,16,True,,
447,10,1,False,,
448,10,13,True,,
449,10,15,True,,
450,10,16,True,,
451,10,171,False,,
452,10,15,False,,
453,10,23,False,,
454,10,13,True,,
455,10,17,True,,
456,10,1,False,,
457,10,16,True,,
458,10,14,True,,
459,10,16,True,,
460,10,13,True,,
461,10,1,False,,
462,10,15,True,,
463,10,15,True,,
464,10,411,False,,
465,10,18,True,,
466,10,17,True,,
467,10,19,True,,
468,10,113,False,,
469,10,39,False,,
470,10,1,False,,
471,10,1,False,,
472,10,17,True,,
473,10,14,True,,
474,10,59,False,,
475,10,12,True,,
476,10,1,False,,
477,10,14,True,,
478,10,17,True,,
479,10,17,True,,
480,10,1,False,,
481,10,17,True,,
482,10,1,False,,
483,10,21,True,,
484,10,291,False,,
485,10,17,True,,
486,10,13,True,,
487,10,15,True,,
488,10,1,False,,
489,10,32,True,,
490,10,18,True,,
491,10,1,False,,
492,10,11,False,,
493,10,17,True,,
494,10,13,True,,
495,10,1,False,,
496,10,759,False,,
497,10,12,True,,
498,10,15,True,,
499,10,20,True,,
500,10,51,False,,
1,15,21,True,,
2,15,21,True,,
3,15,23,True,,
4,15,50,True,,
5,15,1,False,,
6,15,29,True,,
7,15,1,False,,
8,15,1,False,,
9,15,17,True,,
10,15,17,True,,
11,15,26,True,,
12,15,24,True,,
13,15,1,False,,
14,15,20,True,,
15,15,31,False,,
16,15,22,True,,
17,15,28,True,,
18,15,12429,False,,
19,15,1,False,,
20,15,20,True,,
21,15,17,True,,
22,15,1,False,,
23,15,1,False,,
24,15,1,False,,
25,15,1,False,,
26,15,7001,False,,
27,15,27,True,,
28,15,20,True,,
29,15,19,True,,
30,15,1,False,,
31,15,1,False,,
32,15,4101,False,,
33,15,31,True,,
34,15,117,True,,
35,15,1,False,,
36,15,26,True,,
37,15,22,True,,
38,15,349,False,,
39,15,25,True,,
40,15,20,True,,
41,15,1,False,,
42,15,27,True,,
43,15,1,False,,
44,15,1757,False,,
45,15,5761,False,,
46,15,17,True,,
47,15,1,False,,
48,15,28,True,,
49,15,1,False,,
50,15,1,False,,
51,15,17135,False,,
52,15,23,True,,
53,15,22,True,,
54,15,27,True,,
55,15,1,False,,
56,15,1,False,,
57,15,22,True,,
58,15,135,False,,
59,15,43,False,,
60,15,26,True,,
61,15,18,True,,
62,15,1,False,,
63,15,1,False,,
64,15,1,False,,
65,15,1,False,,
66,15,27,True,,
67,15,1,False,,
68,15,24,True,,
69,15,659,False,,
70,15,1,False,,
71,15,26,True,,
72,15,23,True,,
73,15,24,True,,
74,15,913,False,,
75,15,421,False,,
76,15,19,True,,
77,15,65,False,,
78,15,1,False,,
79,15,18,True,,
80,15,25,True,,
81,15,1,False,,
82,15,17,True,,
83,15,18,True,,
84,15,1,False,,
85,15,543,False,,
86,15,71,False,,
87,15,2861,False,,
88,15,1,False,,
89,15,1,False,,
90,15,25,True,,
91,15,587,False,,
92,15,1,False,,
93,15,1025,False,,
94,15,1,False,,
95,15,21,True,,
96,15,25,True,,
97,15,65,False,,
98,15,25,True,,
99,15,1,False,,
100,15,21,True,,
101,15,21,True,,
102,15,17,True,,
103,15,25,True,,
104,15,1,False,,
105,15,1,False,,
106,15,833,False,,
107,15,125,False,,
108,15,17,True,,
109,15,25,True,,
110,15,1,False,,
111,15,19,True,,
112,15,1,False,,
113,15,1,False,,
114,15,17,True,,
115,15,1,False,,
116,15,1,False,,
117,15,1,False,,
118,15,19,True,,
119,15,641,False,,
120,15,1,False,,
121,15,19,True,,
122,15,31,True,,
123,15,165,False,,
124,15,19,True,,
125,15,20,True,,
126,15,15677,False,,
127,15,1,False,,
128,15,1,False,,
129,15,23,True,,
130,15,1,False,,
131,15,479,False,,
132,15,9869,False,,
133,15,22,True,,
134,15,29,True,,
135,15,1,False,,
136,15,18,True,,
137,15,123,False,,
138,15,20,True,,
139,15,23,True,,
140,15,91,False,,
141,15,27,True,,
142,15,23,True,,
143,15,29,True,,
144,15,74,True,,
145,15,12593,False,,
146,15,21,True,,
147,15,1,False,,
148,15,1,False,,
149,15,1139,False,,
150,15,18,True,,
151,15,63,False,,
152,15,1455,False,,
153,15,25,True,,
154,15,23,True,,
155,15,27,False,,
156,15,19,True,,
157,15,1,False,,
158,15,25,True,,
159,15,26,True,,
160,15,1,False,,
161,15,23,True,,
162,15,26,True,,
163,15,67,False,,
164,15,6117,False,,
165,15,18,True,,
166,15,1,False,,
167,15,1,False,,
168,15,77,False,,
169,15,20,True,,
170,15,2195,False,,
171,15,313,False,,
172,15,1,False,,
173,15,1,False,,
174,15,19,True,,
175,15,22,True,,
176,15,14807,False,,
177,15,321,False,,
178,15,1,False,,
179,15,853,False,,
180,15,1,False,,
181,15,28,True,,
182,15,1,False,,
183,15,28,True,,
184,15,13393,False,,
185,15,25,True,,
186,15,19,True,,
187,15,849,False,,
188,15,1,False,,
189,15,17,True,,
190,15,1,False,,
191,15,1,False,,
192,15,1,False,,
193,15,20,True,,
194,15,1,False,,
195,15,1,False,,
196,15,23,True,,
197,15,1347,False,,
198,15,28,True,,
199,15,20,True,,
200,15,17,True,,
201,15,27,True,,
202,15,2307,False,,
203,15,17,True,,
204,15,1,False,,
205,15,21,True,,
206,15,21,True,,
207,15,1,False,,
208,15,1,False,,
209,15,251,False,,
210,15,155,False,,
211,15,24,True,,
212,15,23,True,,
213,15,45,True,,
214,15,19,True,,
215,15,1,False,,
216,15,14187,False,,
217,15,477,False,,
218,15,1053,False,,
219,15,1,False,,
220,15,18,True,,
221,15,1,False,,
222,15,20,True,,
223,15,1,False,,
224,15,29,True,,
225,15,1,False,,
226,15,1,False,,
227,15,1,False,,
228,15,23,True,,
229,15,18,True,,
230,15,57,False,,
231,15,23,True,,
232,15,21,True,,
233,15,1,False,,
234,15,21,True,,
235,15,24,True,,
236,15,1,False,,
237,15,30,True,,
238,15,18,True,,
239,15,35,False,,
240,15,24,True,,
241,15,167,False,,
242,15,97,False,,
243,15,17555,False,,
244,15,1,False,,
245,15,17,True,,
246,15,1,False,,
247,15,2985,False,,
248,15,1,False,,
249,15,19,True,,
250,15,18,True,,
251,15,1,False,,
252,15,23,True,,
253,15,1,False,,
254,15,3013,False,,
255,15,1,False,,
256,15,1,False,,
257,15,24,True,,
258,15,17,True,,
259,15,25,True,,
260,15,1457,False,,
261,15,17391,False,,
262,15,61,False,,
263,15,1,False,,
264,15,877,False,,
265,15,6811,False,,
266,15,1,False,,
267,15,2049,False,,
268,15,28,True,,
269,15,1,False,,
270,15,1,False,,
271,15,18,True,,
272,15,18,True,,
273,15,18,True,,
274,15,28,True,,
275,15,23,True,,
276,15,1,False,,
277,15,18,True,,
278,15,1,False,,
279,15,1,False,,
280,15,18,True,,
281,15,1,False,,
282,15,1,False,,
283,15,23,True,,
284,15,19171,False,,
285,15,76,True,,
286,15,16613,False,,
287,15,1,False,,
288,15,1,False,,
289,15,19,True,,
290,15,1,False,,
291,15,29,True,,
292,15,1,False,,
293,15,1,False,,
294,15,1,False,,
295,15,17,True,,
296,15,28,True,,
297,15,27,True,,
298,15,17,True,,
299,15,17,True,,
300,15,385,True,,
301,15,27,True,,
302,15,29,True,,
303,15,31,True,,
304,15,24,True,,
305,15,1,False,,
306,15,18,True,,
307,15,24,True,,
308,15,1,False,,
309,15,23,True,,
310,15,265,False,,
311,15,21,True,,
312,15,1,False,,
313,15,219,False,,
314,15,1,False,,
315,15,25,True,,
316,15,29,True,,
317,15,23,True,,
318,15,20,True,,
319,15,1361,False,,
320,15,27,True,,
321,15,21,True,,
322,15,1,False,,
323,15,10043,False,,
324,15,22,True,,
325,15,1,False,,
326,15,22,True,,
327,15,12955,False,,
328,15,1,False,,
329,15,1,False,,
330,15,26,True,,
331,15,1,False,,
332,15,24,True,,
333,15,18,True,,
334,15,26,True,,
335,15,1,False,,
336,15,24,True,,
337,15,13095,False,,
338,15,18,True,,
339,15,25,True,,
340,15,3809,False,,
341,15,28,True,,
342,15,21,True,,
343,15,1,False,,
344,15,20,True,,
345,15,26,True,,
346,15,1,False,,
347,15,21,True,,
348,15,1,False,,
349,15,23,True,,
350,15,17,True,,
351,15,1,False,,
352,15,24,True,,
353,15,23,True,,
354,15,1,False,,
355,15,23,True,,
356,15,18,True,,
357,15,73,False,,
358,15,567,False,,
359,15,19,True,,
360,15,17,True,,
361,15,19,True,,
362,15,1,False,,
363,15,1,False,,
364,15,29,True,,
365,15,18,True,,
366,15,25,True,,
367,15,115,False,,
368,15,1,False,,
369,15,18,True,,
370,15,1,False,,
371,15,309,False,,
372,15,25,True,,
373,15,105,False,,
374,15,6961,False,,
375,15,18,True,,
376,15,18,True,,
377,15,28,True,,
378,15,21,True,,
379,15,17,True,,
380,15,21,True,,
381,15,24,True,,
382,15,1,False,,
383,15,1,False,,
384,15,1,False,,
385,15,633,False,,
386,15,1452,True,,
387,15,17,True,,
388,15,29,True,,
389,15,23,True,,
390,15,25,True,,
391,15,26,True,,
392,15,17,True,,
393,15,17,True,,
394,15,10717,False,,
395,15,1,False,,
396,15,1,False,,
397,15,74,True,,
398,15,27,True,,
399,15,18,True,,
400,15,1,False,,
401,15,20,True,,
402,15,1,False,,
403,15,61,False,,
404,15,57,True,,
405,15,1,False,,
406,15,18,True,,
407,15,19,True,,
408,15,24,True,,
409,15,26,True,,
410,15,1,False,,
411,15,27,True,,
412,15,1,False,,
413,15,17,True,,
414,15,26,True,,
415,15,9897,False,,
416,15,19,True,,
417,15,26,True,,
418,15,1,False,,
419,15,27,True,,
420,15,1,False,,
421,15,17,True,,
422,15,1,False,,
423,15,1543,False,,
424,15,17,True,,
425,15,25,True,,
426,15,25,True,,
427,15,1,False,,
428,15,27,True,,
429,15,1,False,,
430,15,24,True,,
431,15,20,True,,
432,15,23,True,,
433,15,27,True,,
434,15,1,False,,
435,15,1,False,,
436,15,23,True,,
437,15,17,True,,
438,15,1,False,,
439,15,22,True,,
440,15,23,True,,
441,15,18,True,,
442,15,22,True,,
443,15,1,False,,
444,15,1993,False,,
445,15,1,False,,
446,15,27,True,,
447,15,103,False,,
448,15,21,True,,
449,15,28,True,,
450,15,17,True,,
451,15,10865,False,,
452,15,1,False,,
453,15,1,False,,
454,15,28,True,,
455,15,26,True,,
456,15,1,False,,
457,15,18,True,,
458,15,26,True,,
459,15,23,True,,
460,15,22,True,,
461,15,115,False,,
462,15,17,True,,
463,15,30,True,,
464,15,1,False,,
465,15,22,True,,
466,15,25,True,,
467,15,30,True,,
468,15,57,False,,
469,15,563,False,,
470,15,1,False,,
471,15,1,False,,
472,15,17,True,,
473,15,25,True,,
474,15,1,False,,
475,15,20,True,,
476,15,1,False,,
477,15,26,True,,
478,15,26,True,,
479,15,24,True,,
480,15,1,False,,
481,15,28,True,,
482,15,1,False,,
483,15,25,True,,
484,15,1,False,,
485,15,22,True,,
486,15,30,True,,
487,15,21,True,,
488,15,1,False,,
489,15,30,True,,
490,15,20,True,,
491,15,1,False,,
492,15,519,False,,
493,15,21,True,,
494,15,25,True,,
495,15,1,False,,
496,15,14665,False,,
497,15,18,True,,
498,15,26,True,,
499,15,23,True,,
500,15,1,False,,
1,20,30,True,,
2,20,31,True,,
3,20,26,True,,
4,20,30,True,,
5,20,3117,False,,
6,20,26,True,,
7,20,1,False,,
8,20,1,False,,
9,20,38,True,,
10,20,22,True,,
11,20,28,True,,
12,20,24,True,,
13,20,10269,False,,
14,20,32,True,,
15,20,1,False,,
16,20,36,True,,
17,20,28,True,,
18,20,1,False,,
19,20,1,False,,
20,20,23,True,,
21,20,38,True,,
22,20,1,False,,
23,20,1,False,,
24,20,1,False,,
25,20,1,False,,
26,20,1,False,,
27,20,24,True,,
28,20,36,True,,
29,20,29,True,,
30,20,715,False,,
31,20,1,False,,
32,20,848413,False,,
33,20,1,False,,
34,20,25,True,,
35,20,1,False,,
36,20,31,True,,
37,20,22,True,,
38,20,1,False,,
39,20,35,True,,
40,20,134,True,,
41,20,1,False,,
42,20,34,True,,
43,20,1,False,,
44,20,1,False,,
45,20,180179,False,,
46,20,31,True,,
47,20,1,False,,
48,20,22,True,,
49,20,87475,False,,
50,20,1,False,,
51,20,2299,False,,
52,20,34,True,,
53,20,23,True,,
54,20,32,True,,
55,20,1,False,,
56,20,1,False,,
57,20,35,True,,
58,20,1,False,,
59,20,1,False,,
60,20,25,True,,
61,20,25,True,,
62,20,1,False,,
63,20,1,False,,
64,20,162315,False,,
65,20,9141,False,,
66,20,30,True,,
67,20,1,False,,
68,20,25,True,,
69,20,1,False,,
70,20,91,False,,
71,20,23,True,,
72,20,32,True,,
73,20,27,True,,
74,20,1,False,,
75,20,221,False,,
76,20,24,True,,
77,20,1,False,,
78,20,9705,False,,
79,20,24,True,,
80,20,23,True,,
81,20,1,False,,
82,20,37,True,,
83,20,38,True,,
84,20,2655,False,,
85,20,1,False,,
86,20,1,False,,
87,20,573,False,,
88,20,1,False,,
89,20,1,False,,
90,20,22,True,,
91,20,341393,False,,
92,20,1,False,,
93,20,587,False,,
94,20,1143,False,,
95,20,22,True,,
96,20,32,True,,
97,20,1,False,,
98,20,26,True,,
99,20,1,False,,
100,20,37,True,,
101,20,36,True,,
102,20,37,True,,
103,20,22,True,,
104,20,1,False,,
105,20,90021,False,,
106,20,1,False,,
107,20,487,False,,
108,20,27,True,,
109,20,33,True,,
110,20,1,False,,
111,20,1034,True,,
112,20,1387,False,,
113,20,1,False,,
114,20,33,True,,
115,20,1,False,,
116,20,1,False,,
117,20,2019,False,,
118,20,38,True,,
119,20,161,False,,
120,20,1,False,,
121,20,38,True,,
122,20,28,True,,
123,20,1,False,,
124,20,35,True,,
125,20,32,True,,
126,20,1,False,,
127,20,1,False,,
128,20,25491,False,,
129,20,25,True,,
130,20,1,False,,
131,20,1,False,,
132,20,49193,False,,
133,20,22,True,,
134,20,31,True,,
135,20,1,False,,
136,20,33,True,,
137,20,1,False,,
138,20,23,True,,
139,20,23,True,,
140,20,4225,False,,
141,20,39,True,,
142,20,36,True,,
143,20,24,True,,
144,20,35,True,,
145,20,1,False,,
146,20,29,True,,
147,20,887,False,,
148,20,1,False,,
149,20,1,False,,
150,20,29,True,,
151,20,1,False,,
152,20,87,False,,
153,20,37,True,,
154,20,25,True,,
155,20,1,False,,
156,20,37,True,,
157,20,1,False,,
158,20,33,True,,
159,20,23,True,,
160,20,1,False,,
161,20,37,True,,
162,20,25,True,,
163,20,1,False,,
164,20,4179,False,,
165,20,36,True,,
166,20,1,False,,
167,20,1,False,,
168,20,490257,False,,
169,20,37,True,,
170,20,80341,False,,
171,20,1,False,,
172,20,1,False,,
173,20,1,False,,
174,20,33,True,,
175,20,24,True,,
176,20,119473,False,,
177,20,459,False,,
178,20,75,False,,
179,20,6181,False,,
180,20,793,False,,
181,20,33,True,,
182,20,1,False,,
183,20,37,True,,
184,20,1,False,,
185,20,27,True,,
186,20,26,True,,
187,20,10865,False,,
188,20,1,False,,
189,20,23,True,,
190,20,1,False,,
191,20,333,False,,
192,20,1,False,,
193,20,32,True,,
194,20,1,False,,
195,20,1,False,,
196,20,22,True,,
197,20,1,False,,
198,20,34,True,,
199,20,31,True,,
200,20,33,True,,
201,20,31,True,,
202,20,1973,False,,
203,20,35,True,,
204,20,421,False,,
205,20,35,True,,
206,20,22,True,,
207,20,1,False,,
208,20,4885,False,,
209,20,1,False,,
210,20,1,False,,
211,20,29,True,,
212,20,26,True,,
213,20,22,True,,
214,20,29,True,,
215,20,1,False,,
216,20,203797,False,,
217,20,1,False,,
218,20,28641,False,,
219,20,1,False,,
220,20,25,True,,
221,20,779,False,,
222,20,23,True,,
223,20,13241,False,,
224,20,35,True,,
225,20,1,False,,
226,20,1405,False,,
227,20,3451,False,,
228,20,25,True,,
229,20,32,True,,
230,20,1,False,,
231,20,34,True,,
232,20,22,True,,
233,20,1,False,,
234,20,27,True,,
235,20,37,True,,
236,20,1,False,,
237,20,24,True,,
238,20,27,True,,
239,20,1,False,,
240,20,22,True,,
241,20,1,False,,
242,20,41,False,,
243,20,375939,False,,
244,20,1,False,,
245,20,30,True,,
246,20,1,False,,
247,20,1,False,,
248,20,1,False,,
249,20,35,True,,
250,20,33,True,,
251,20,39293,False,,
252,20,35,True,,
253,20,1,False,,
254,20,15897,False,,
255,20,1,False,,
256,20,68039,False,,
257,20,23,True,,
258,20,32,True,,
259,20,27,True,,
260,20,412925,False,,
261,20,5205,False,,
262,20,99,False,,
263,20,1,False,,
264,20,1,False,,
265,20,11359,False,,
266,20,1271,False,,
267,20,1,False,,
268,20,36,True,,
269,20,1,False,,
270,20,1,False,,
271,20,337,True,,
272,20,31,True,,
273,20,40,True,,
274,20,22,True,,
275,20,26,True,,
276,20,1,False,,
277,20,23,True,,
278,20,1,False,,
279,20,1,False,,
280,20,22,True,,
281,20,1,False,,
282,20,11055,False,,
283,20,27,True,,
284,20,208205,False,,
285,20,25,True,,
286,20,440193,False,,
287,20,1,False,,
288,20,193,False,,
289,20,31,True,,
290,20,1,False,,
291,20,24,True,,
292,20,1,False,,
293,20,1,False,,
294,20,198565,False,,
295,20,25,True,,
296,20,37,True,,
297,20,24,True,,
298,20,28,True,,
299,20,22,True,,
300,20,49,True,,
301,20,24,True,,
302,20,28,True,,
303,20,1,False,,
304,20,34,True,,
305,20,1,False,,
306,20,28,True,,
307,20,22,True,,
308,20,1,False,,
309,20,32,True,,
310,20,1,False,,
311,20,31,True,,
312,20,61109,False,,
313,20,1,False,,
314,20,1885,False,,
315,20,23,True,,
316,20,40,True,,
317,20,40,True,,
318,20,26,True,,
319,20,1,False,,
320,20,34,True,,
321,20,26,True,,
322,20,2503,False,,
323,20,866347,False,,
324,20,30,True,,
325,20,1,False,,
326,20,22,True,,
327,20,1,False,,
328,20,1,False,,
329,20,1,False,,
330,20,29,True,,
331,20,1,False,,
332,20,23,True,,
333,20,39,True,,
334,20,22,True,,
335,20,1,False,,
336,20,36,True,,
337,20,344291,False,,
338,20,33,True,,
339,20,29,True,,
340,20,1,False,,
341,20,27,True,,
342,20,380,True,,
343,20,1,False,,
344,20,34,True,,
345,20,25,True,,
346,20,112419,False,,
347,20,25,True,,
348,20,1,False,,
349,20,27,True,,
350,20,33,True,,
351,20,79,False,,
352,20,34,True,,
353,20,28,True,,
354,20,1,False,,
355,20,35,True,,
356,20,31,True,,
357,20,1,False,,
358,20,1325,False,,
359,20,25,True,,
360,20,25,True,,
361,20,24,True,,
362,20,1,False,,
363,20,1,False,,
364,20,29,True,,
365,20,34,True,,
366,20,25,True,,
367,20,1,False,,
368,20,1,False,,
369,20,25,True,,
370,20,89,False,,
371,20,1,False,,
372,20,36,True,,
373,20,1,False,,
374,20,199599,False,,
375,20,29,True,,
376,20,29,True,,
377,20,22,True,,
378,20,38,True,,
379,20,26,True,,
380,20,258,True,,
381,20,32,True,,
382,20,1,False,,
383,20,1171,False,,
384,20,1,False,,
385,20,1,False,,
386,20,40,True,,
387,20,23,True,,
388,20,31,True,,
389,20,40,True,,
390,20,23,True,,
391,20,31,True,,
392,20,25,True,,
393,20,35,True,,
394,20,997877,False,,
395,20,1,False,,
396,20,1,False,,
397,20,23,True,,
398,20,30,True,,
399,20,28,True,,
400,20,1,False,,
401,20,23,True,,
402,20,2263,False,,
403,20,1,False,,
404,20,22,True,,
405,20,1,False,,
406,20,31,True,,
407,20,22,True,,
408,20,37,True,,
409,20,22,True,,
410,20,1,False,,
411,20,35,True,,
412,20,327605,False,,
413,20,34,True,,
414,20,25,True,,
415,20,1,False,,
416,20,28,True,,
417,20,26,True,,
418,20,1,False,,
419,20,31,True,,
420,20,1,False,,
421,20,28,True,,
422,20,1,False,,
423,20,65505,False,,
424,20,29,True,,
425,20,24,True,,
426,20,38,True,,
427,20,35571,False,,
428,20,29,True,,
429,20,1,False,,
430,20,23,True,,
431,20,37,True,,
432,20,22,True,,
433,20,31,True,,
434,20,1,False,,
435,20,1,False,,
436,20,30,True,,
437,20,33,True,,
438,20,1,False,,
439,20,23,True,,
440,20,27,True,,
441,20,29,True,,
442,20,26,True,,
443,20,1,False,,
444,20,346861,False,,
445,20,5215,False,,
446,20,25,True,,
447,20,1,False,,
448,20,29,True,,
449,20,27,True,,
450,20,29,True,,
451,20,221283,False,,
452,20,1,False,,
453,20,1,False,,
454,20,29,True,,
455,20,26,True,,
456,20,1,False,,
457,20,40,True,,
458,20,30,True,,
459,20,22,True,,
460,20,29,True,,
461,20,1,False,,
462,20,22,True,,
463,20,23,True,,
464,20,526171,False,,
465,20,37,True,,
466,20,26,True,,
467,20,27,True,,
468,20,1,False,,
469,20,1,False,,
470,20,307,False,,
471,20,1,False,,
472,20,29,True,,
473,20,30,True,,
474,20,5709,False,,
475,20,35,True,,
476,20,1,False,,
477,20,40,True,,
478,20,25,True,,
479,20,24,True,,
480,20,1,False,,
481,20,30,True,,
482,20,1,False,,
483,20,156,True,,
484,20,1,False,,
485,20,24,True,,
486,20,27,True,,
487,20,34,True,,
488,20,1,False,,
489,20,34,True,,
490,20,33,True,,
491,20,1,False,,
492,20,1,False,,
493,20,28,True,,
494,20,41,True,,
495,20,1,False,,
496,20,315,False,,
497,20,38,True,,
498,20,23,True,,
499,20,23,True,,
500,20,306687,False,,
1,22,32,True,,
2,22,37,True,,
3,22,30,True,,
4,22,30,True,,
5,22,1,False,,
6,22,27,True,,
7,22,41187,False,,
8,22,1,False,,
9,22,29,True,,
10,22,37,True,,
11,22,24,True,,
12,22,33,True,,
13,22,1,False,,
14,22,26,True,,
15,22,1,False,,
16,22,38,True,,
17,22,27,True,,
18,22,1298291,False,,
19,22,1,False,,
20,22,44,True,,
21,22,32,True,,
22,22,857,False,,
23,22,1,False,,
24,22,363353,False,,
25,22,1,False,,
26,22,1,False,,
27,22,24,True,,
28,22,26,True,,
29,22,43,True,,
30,22,1,False,,
31,22,425367,False,,
32,22,3420821,False,,
33,22,62137,False,,
34,22,35,True,,
35,22,1,False,,
36,22,27,True,,
37,22,24,True,,
38,22,1,False,,
39,22,29,True,,
40,22,30,True,,
41,22,541929,False,,
42,22,43,True,,
43,22,875,False,,
44,22,1,False,,
45,22,3278459,False,,
46,22,31,True,,
47,22,1,False,,
48,22,41,True,,
49,22,122879,False,,
50,22,1,False,,
51,22,57,False,,
52,22,33,True,,
53,22,34,True,,
54,22,35,True,,
55,22,1,False,,
56,22,1,False,,
57,22,25,True,,
58,22,1302765,False,,
59,22,2548929,False,,
60,22,43,True,,
61,22,29,True,,
62,22,125395,False,,
63,22,1,False,,
64,22,1,False,,
65,22,1,False,,
66,22,30,True,,
67,22,1,False,,
68,22,36,True,,
69,22,1,False,,
70,22,35549,False,,
71,22,36,True,,
72,22,34,True,,
73,22,27,True,,
74,22,298199,False,,
75,22,207,False,,
76,22,34,True,,
77,22,1,False,,
78,22,1,False,,
79,22,40,True,,
80,22,30,True,,
81,22,80965,False,,
82,22,25,True,,
83,22,79,True,,
84,22,1,False,,
85,22,1,False,,
86,22,1,False,,
87,22,1,False,,
88,22,1,False,,
89,22,1,False,,
90,22,39,True,,
91,22,1,False,,
92,22,1,False,,
93,22,1781735,False,,
94,22,1,False,,
95,22,24,True,,
96,22,30,True,,
97,22,613,False,,
98,22,33,True,,
99,22,860701,False,,
100,22,25,True,,
101,22,33,True,,
102,22,43,True,,
103,22,39,True,,
104,22,1,False,,
105,22,358909,False,,
106,22,1,False,,
107,22,1,False,,
108,22,26,True,,
109,22,38,True,,
110,22,1,False,,
111,22,30,True,,
112,22,1,False,,
113,22,1,False,,
114,22,29,True,,
115,22,1,False,,
116,22,1,False,,
117,22,3089,False,,
118,22,38,True,,
119,22,1,False,,
120,22,1,False,,
121,22,42,True,,
122,22,38,True,,
123,22,1,False,,
124,22,30,True,,
125,22,27,True,,
126,22,107953,False,,
127,22,99383,False,,
128,22,1,False,,
129,22,43,True,,
130,22,1,False,,
131,22,1211,False,,
132,22,1663455,False,,
133,22,30,True,,
134,22,36,True,,
135,22,1,False,,
136,22,29,True,,
137,22,1,False,,
138,22,25,True,,
139,22,26,True,,
140,22,1,False,,
141,22,39,True,,
142,22,35,True,,
143,22,29,True,,
144,22,42,True,,
145,22,1,False,,
146,22,39,True,,
147,22,1,False,,
148,22,1,False,,
149,22,67487,False,,
150,22,31,True,,
151,22,1,False,,
152,22,1151,False,,
153,22,24,True,,
154,22,25,True,,
155,22,1,False,,
156,22,42,True,,
157,22,165,False,,
158,22,37,True,,
159,22,29,True,,
160,22,240029,False,,
161,22,36,True,,
162,22,35,True,,
163,22,381,False,,
164,22,2833,False,,
165,22,27,True,,
166,22,1,False,,
167,22,621,False,,
168,22,3977,False,,
169,22,26,True,,
170,22,147071,False,,
171,22,109829,False,,
172,22,1,False,,
173,22,1,False,,
174,22,37,True,,
175,22,27,True,,
176,22,19711,False,,
177,22,1,False,,
178,22,1,False,,
179,22,18047,False,,
180,22,1,False,,
181,22,29,True,,
182,22,119,False,,
183,22,36,True,,
184,22,1,False,,
185,22,72,True,,
186,22,24,True,,
187,22,48917,False,,
188,22,1,False,,
189,22,24,True,,
190,22,745,False,,
191,22,1,False,,
192,22,1,False,,
193,22,41,True,,
194,22,1,False,,
195,22,14237,False,,
196,22,30,True,,
197,22,1658915,False,,
198,22,26,True,,
199,22,30,True,,
200,22,24,True,,
201,22,24,True,,
202,22,99,False,,
203,22,24,True,,
204,22,1,False,,
205,22,27,True,,
206,22,98,True,,
207,22,1,False,,
208,22,1,False,,
209,22,1,False,,
210,22,990595,False,,
211,22,24,True,,
212,22,24,True,,
213,22,35,True,,
214,22,29,True,,
215,22,1,False,,
216,22,1517,False,,
217,22,1,False,,
218,22,156491,False,,
219,22,1,False,,
220,22,35,True,,
221,22,1,False,,
222,22,38,True,,
223,22,1,False,,
224,22,26,True,,
225,22,1,False,,
226,22,1,False,,
227,22,1,False,,
228,22,37,True,,
229,22,33,True,,
230,22,143,False,,
231,22,25,True,,
232,22,32,True,,
233,22,574115,False,,
234,22,24,True,,
235,22,34,True,,
236,22,1,False,,
237,22,35,True,,
238,22,35,True,,
239,22,1,False,,
240,22,29,True,,
241,22,1,False,,
242,22,1063,False,,
243,22,1,False,,
244,22,1,False,,
245,22,40,True,,
246,22,1,False,,
247,22,4145,False,,
248,22,1,False,,
249,22,29,True,,
250,22,24,True,,
251,22,194843,False,,
252,22,27,True,,
253,22,24651,False,,
254,22,1,False,,
255,22,10179,False,,
256,22,1,False,,
257,22,39,True,,
258,22,29,True,,
259,22,35,True,,
260,22,4817,False,,
261,22,76459,False,,
262,22,609,False,,
263,22,1,False,,
264,22,1,False,,
265,22,654617,False,,
266,22,1,False,,
267,22,13025,False,,
268,22,27,True,,
269,22,1,False,,
270,22,1,False,,
271,22,24,True,,
272,22,31,True,,
273,22,27,True,,
274,22,40,True,,
275,22,31,True,,
276,22,1,False,,
277,22,32,True,,
278,22,81961,False,,
279,22,1,False,,
280,22,34,True,,
281,22,1,False,,
282,22,1,False,,
283,22,24,True,,
284,22,1950585,False,,
285,22,509,True,,
286,22,97,False,,
287,22,1,False,,
288,22,123,False,,
289,22,60,True,,
290,22,1,False,,
291,22,35,True,,
292,22,1,False,,
293,22,2157,False,,
294,22,1,False,,
295,22,44,True,,
296,22,26,True,,
297,22,31,True,,
298,22,38,True,,
299,22,25,True,,
300,22,24,True,,
301,22,37,True,,
302,22,33,True,,
303,22,1,False,,
304,22,29,True,,
305,22,19213,False,,
306,22,25,True,,
307,22,27,True,,
308,22,989,False,,
309,22,28,True,,
310,22,1,False,,
311,22,40,True,,
312,22,1,False,,
313,22,1,False,,
314,22,1,False,,
315,22,38,True,,
316,22,33,True,,
317,22,27,True,,
318,22,25,True,,
319,22,3281,False,,
320,22,27,True,,
321,22,39,True,,
322,22,12313,False,,
323,22,201209,False,,
324,22,32,True,,
325,22,1,False,,
326,22,32,True,,
327,22,345,False,,
328,22,1,False,,
329,22,1,False,,
330,22,32,True,,
331,22,1,False,,
332,22,29,True,,
333,22,29,True,,
334,22,27,True,,
335,22,385,False,,
336,22,43,True,,
337,22,619,False,,
338,22,27,True,,
339,22,33,True,,
340,22,1862299,False,,
341,22,24,True,,
342,22,26,True,,
343,22,1,False,,
344,22,36,True,,
345,22,36,True,,
346,22,1847981,False,,
347,22,43,True,,
348,22,175,False,,
349,22,31,True,,
350,22,474,True,,
351,22,503,False,,
352,22,35,True,,
353,22,37,True,,
354,22,1,False,,
355,22,40,True,,
356,22,28,True,,
357,22,1,False,,
358,22,1,False,,
359,22,38,True,,
360,22,133,True,,
361,22,24,True,,
362,22,4317,False,,
363,22,2453,False,,
364,22,33,True,,
365,22,24,True,,
366,22,31,True,,
367,22,1371,False,,
368,22,983,False,,
369,22,33,True,,
370,22,1,False,,
371,22,1,False,,
372,22,40,True,,
373,22,1,False,,
374,22,746515,False,,
375,22,340,True,,
376,22,33,True,,
377,22,36,True,,
378,22,41,True,,
379,22,25,True,,
380,22,37,True,,
381,22,35,True,,
382,22,1,False,,
383,22,1,False,,
384,22,235,False,,
385,22,53939,False,,
386,22,987,True,,
387,22,24,True,,
388,22,39,True,,
389,22,36,True,,
390,22,40,True,,
391,22,33,True,,
392,22,29,True,,
393,22,30,True,,
394,22,1486481,False,,
395,22,1,False,,
396,22,1,False,,
397,22,26,True,,
398,22,43,True,,
399,22,29,True,,
400,22,8999,False,,
401,22,25,True,,
402,22,1,False,,
403,22,1,False,,
404,22,26,True,,
405,22,333,False,,
406,22,26,True,,
407,22,29,True,,
408,22,31,True,,
409,22,31,True,,
410,22,1,False,,
411,22,32,True,,
412,22,1,False,,
413,22,38,True,,
414,22,27,True,,
415,22,422335,False,,
416,22,36,True,,
417,22,25,True,,
418,22,1,False,,
419,22,24,True,,
420,22,387,False,,
421,22,37,True,,
422,22,1,False,,
423,22,1115799,False,,
424,22,78,True,,
425,22,37,True,,
426,22,40,True,,
427,22,79897,False,,
428,22,24,True,,
429,22,1,False,,
430,22,29,True,,
431,22,33,True,,
432,22,40,True,,
433,22,26,True,,
434,22,7371,False,,
435,22,2791,False,,
436,22,30,True,,
437,22,33,True,,
438,22,1,False,,
439,22,38,True,,
440,22,28,True,,
441,22,38,True,,
442,22,26,True,,
443,22,1,False,,
444,22,3685,False,,
445,22,358773,False,,
446,22,26,True,,
447,22,1,False,,
448,22,25,True,,
449,22,25,True,,
450,22,24,True,,
451,22,86759,False,,
452,22,1,False,,
453,22,1,False,,
454,22,44,True,,
455,22,41,True,,
456,22,79,False,,
457,22,38,True,,
458,22,34,True,,
459,22,27,True,,
460,22,26,True,,
461,22,1,False,,
462,22,31,True,,
463,22,24,True,,
464,22,1,False,,
465,22,36,True,,
466,22,79,True,,
467,22,25,True,,
468,22,1,False,,
469,22,1107,False,,
470,22,1,False,,
471,22,429,False,,
472,22,37,True,,
473,22,31,True,,
474,22,1,False,,
475,22,24,True,,
476,22,1,False,,
477,22,28,True,,
478,22,36,True,,
479,22,39,True,,
480,22,1,False,,
481,22,42,True,,
482,22,1,False,,
483,22,32,True,,
484,22,1,False,,
485,22,31,True,,
486,22,27,True,,
487,22,31,True,,
488,22,1,False,,
489,22,34,True,,
490,22,29,True,,
491,22,429,False,,
492,22,1857,False,,
493,22,33,True,,
494,22,40,True,,
495,22,3837,False,,
496,22,1,False,,
497,22,265,True,,
498,22,38,True,,
499,22,39,True,,
500,22,105937,False,,
1,25,38,True,,
2,25,49,True,,
3,25,48,True,,
4,25,32,True,,
5,25,1,False,,
6,25,41,True,,
7,25,1,False,,
8,25,2617,False,,
9,25,49,True,,
10,25,31,True,,
11,25,27,True,,
12,25,31,True,,
13,25,1,False,,
14,25,33,True,,
15,25,1,False,,
16,25,48,True,,
17,25,44,True,,
18,25,3086517,False,,
19,25,1,False,,
20,25,36,True,,
21,25,45,True,,
22,25,1,False,,
23,25,593,False,,
24,25,1,False,,
25,25,1,False,,
26,25,13289,False,,
27,25,40,True,,
28,25,49,True,,
29,25,48,True,,
30,25,1,False,,
31,25,1,False,,
32,25,18723279,False,,
33,25,1,False,,
34,25,118,True,,
35,25,1,False,,
36,25,48,True,,
37,25,28,True,,
38,25,293031,False,,
39,25,40,True,,
40,25,33,True,,
41,25,12893,False,,
42,25,33,True,,
43,25,1,False,,
44,25,1,False,,
45,25,65,False,,
46,25,27,True,,
47,25,1,False,,
48,25,42,True,,
49,25,1,False,,
50,25,2807,False,,
51,25,1,False,,
52,25,36,True,,
53,25,29,True,,
54,25,43,True,,
55,25,1,False,,
56,25,3445,False,,
57,25,29,True,,
58,25,95857,False,,
59,25,16435099,False,,
60,25,42,True,,
61,25,29,True,,
62,25,1,False,,
63,25,1,False,,
64,25,36517,False,,
65,25,1,False,,
66,25,31,True,,
67,25,1,False,,
68,25,27,True,,
69,25,1,False,,
70,25,1,False,,
71,25,43,True,,
72,25,92,True,,
73,25,42,True,,
74,25,1,False,,
75,25,1,False,,
76,25,37,True,,
77,25,1,False,,
78,25,18353949,False,,
79,25,48,True,,
80,25,44,True,,
81,25,17263,False,,
82,25,41,True,,
83,25,41,True,,
84,25,1101,False,,
85,25,14734677,False,,
86,25,1,False,,
87,25,1,False,,
88,25,1,False,,
89,25,1,False,,
90,25,48,True,,
91,25,1450403,False,,
92,25,1,False,,
93,25,3224411,False,,
94,25,1,False,,
95,25,43,True,,
96,25,40,True,,
97,25,1,False,,
98,25,4490,True,,
99,25,2137427,False,,
100,25,30,True,,
101,25,35,True,,
102,25,48,True,,
103,25,37,True,,
104,25,1,False,,
105,25,1,False,,
106,25,1,False,,
107,25,1,False,,
108,25,40,True,,
109,25,45,True,,
110,25,1,False,,
111,25,27,True,,
112,25,940825,False,,
113,25,1,False,,
114,25,40,True,,
115,25,567,False,,
116,25,1,False,,
117,25,1,False,,
118,25,43,True,,
119,25,1,False,,
120,25,1,False,,
121,25,30,True,,
122,25,65,True,,
123,25,12383,False,,
124,25,31,True,,
125,25,36,True,,
126,25,1,False,,
127,25,455489,False,,
128,25,1,False,,
129,25,40,True,,
130,25,37599,False,,
131,25,1,False,,
132,25,12644117,False,,
133,25,44,True,,
134,25,37,True,,
135,25,1,False,,
136,25,29,True,,
137,25,1,False,,
138,25,47,True,,
139,25,28,True,,
140,25,1,False,,
141,25,34,True,,
142,25,49,True,,
143,25,40,True,,
144,25,89,True,,
145,25,1,False,,
146,25,45,True,,
147,25,1868123,False,,
148,25,1,False,,
149,25,1,False,,
150,25,37,True,,
151,25,1,False,,
152,25,1,False,,
153,25,50,True,,
154,25,31,True,,
155,25,1,False,,
156,25,44,True,,
157,25,1,False,,
158,25,39,True,,
159,25,30,True,,
160,25,1,False,,
161,25,41,True,,
162,25,41,True,,
163,25,1,False,,
164,25,1283,False,,
165,25,39,True,,
166,25,909,False,,
167,25,1,False,,
168,25,1804351,False,,
169,25,44,True,,
170,25,1,False,,
171,25,2535271,False,,
172,25,1,False,,
173,25,1,False,,
174,25,29,True,,
175,25,35,True,,
176,25,1,False,,
177,25,1,False,,
178,25,1,False,,
179,25,73,False,,
180,25,1,False,,
181,25,48,True,,
182,25,1,False,,
183,25,36,True,,
184,25,3176573,False,,
185,25,273,True,,
186,25,29,True,,
187,25,38483,False,,
188,25,1,False,,
189,25,37,True,,
190,25,1,False,,
191,25,1,False,,
192,25,1,False,,
193,25,38,True,,
194,25,1,False,,
195,25,4907403,False,,
196,25,37,True,,
197,25,1,False,,
198,25,35,True,,
199,25,42,True,,
200,25,41,True,,
201,25,29,True,,
202,25,1,False,,
203,25,41,True,,
204,25,1,False,,
205,25,41,True,,
206,25,40,True,,
207,25,1,False,,
208,25,1,False,,
209,25,1,False,,
210,25,2003745,False,,
211,25,27,True,,
212,25,41,True,,
213,25,245,True,,
214,25,27,True,,
215,25,6727,False,,
216,25,4626289,False,,
217,25,573,False,,
218,25,9205275,False,,
219,25,4887,False,,
220,25,36,True,,
221,25,1,False,,
222,25,38,True,,
223,25,1,False,,
224,25,40,True,,
225,25,93543,False,,
226,25,82003,False,,
227,25,1,False,,
228,25,43,True,,
229,25,34,True,,
230,25,1,False,,
231,25,39,True,,
232,25,44,True,,
233,25,4241481,False,,
234,25,33,True,,
235,25,29,True,,
236,25,1,False,,
237,25,36,True,,
238,25,40,True,,
239,25,1,False,,
240,25,36,True,,
241,25,1,False,,
242,25,2374195,False,,
243,25,68185,False,,
244,25,1,False,,
245,25,42,True,,
246,25,1,False,,
247,25,383259,False,,
248,25,1,False,,
249,25,28,True,,
250,25,35,True,,
251,25,1,False,,
252,25,34,True,,
253,25,396795,False,,
254,25,1,False,,
255,25,1,False,,
256,25,201515,False,,
257,25,31,True,,
258,25,42,True,,
259,25,48,True,,
260,25,4094335,False,,
261,25,15774251,False,,
262,25,10487,False,,
263,25,207,False,,
264,25,1,False,,
265,25,807835,False,,
266,25,1,False,,
267,25,1,False,,
268,25,37,True,,
269,25,1,False,,
270,25,1,False,,
271,25,35,True,,
272,25,30,True,,
273,25,29,True,,
274,25,45,True,,
275,25,37,True,,
276,25,1,False,,
277,25,27,True,,
278,25,5561109,False,,
279,25,1,False,,
280,25,36,True,,
281,25,1799,False,,
282,25,118801,False,,
283,25,43,True,,
284,25,1,False,,
285,25,42,True,,
286,25,16057259,False,,
287,25,1,False,,
288,25,1,False,,
289,25,33,True,,
290,25,1,False,,
291,25,47,True,,
292,25,1,False,,
293,25,197,False,,
294,25,13601151,False,,
295,25,40,True,,
296,25,41,True,,
297,25,33,True,,
298,25,41,True,,
299,25,43,True,,
300,25,33,True,,
301,25,47,True,,
302,25,84,True,,
303,25,1,False,,
304,25,47,True,,
305,25,1,False,,
306,25,41,True,,
307,25,31,True,,
308,25,1,False,,
309,25,30,True,,
310,25,1,False,,
311,25,47,True,,
312,25,1493917,False,,
313,25,1,False,,
314,25,1,False,,
315,25,34,True,,
316,25,37,True,,
317,25,44,True,,
318,25,39,True,,
319,25,1,False,,
320,25,38,True,,
321,25,45,True,,
322,25,1,False,,
323,25,15940089,False,,
324,25,34,True,,
325,25,2079,False,,
326,25,33,True,,
327,25,1,False,,
328,25,725691,False,,
329,25,1,False,,
330,25,715,True,,
331,25,1,False,,
332,25,28,True,,
333,25,46,True,,
334,25,31,True,,
335,25,9883,False,,
336,25,37,True,,
337,25,3834289,False,,
338,25,38,True,,
339,25,35,True,,
340,25,276027,False,,
341,25,48,True,,
342,25,37,True,,
343,25,1703709,False,,
344,25,37,True,,
345,25,37,True,,
346,25,1153071,False,,
347,25,39,True,,
348,25,1,False,,
349,25,45,True,,
350,25,33,True,,
351,25,1,False,,
352,25,43,True,,
353,25,30,True,,
354,25,51137,False,,
355,25,43,True,,
356,25,755,True,,
357,25,1,False,,
358,25,1,False,,
359,25,34,True,,
360,25,34,True,,
361,25,43,True,,
362,25,11555,False,,
363,25,1,False,,
364,25,45,True,,
365,25,37159,True,,
366,25,30,True,,
367,25,1,False,,
368,25,51,False,,
369,25,27,True,,
370,25,1,False,,
371,25,1,False,,
372,25,30,True,,
373,25,1,False,,
374,25,223915,False,,
375,25,37,True,,
376,25,42,True,,
377,25,46,True,,
378,25,42,True,,
379,25,43,True,,
380,25,31,True,,
381,25,49,True,,
382,25,1,False,,
383,25,137,False,,
384,25,1,False,,
385,25,1,False,,
386,25,1397,True,,
387,25,28,True,,
388,25,29,True,,
389,25,42,True,,
390,25,29,True,,
391,25,224,True,,
392,25,32,True,,
393,25,28,True,,
394,25,16170553,False,,
395,25,1299,False,,
396,25,1,False,,
397,25,44,True,,
398,25,430,True,,
399,25,37,True,,
400,25,1,False,,
401,25,32,True,,
402,25,1,False,,
403,25,410881,False,,
404,25,27,True,,
405,25,1,False,,
406,25,31,True,,
407,25,34,True,,
408,25,42,True,,
409,25,626,True,,
410,25,1,False,,
411,25,43,True,,
412,25,2901881,False,,
413,25,32,True,,
414,25,315,True,,
415,25,21433,False,,
416,25,46,True,,
417,25,44,True,,
418,25,1,False,,
419,25,43,True,,
420,25,1,False,,
421,25,34,True,,
422,25,1,False,,
423,25,1573483,False,,
424,25,190,True,,
425,25,101,True,,
426,25,43,True,,
427,25,47177,False,,
428,25,29,True,,
429,25,1,False,,
430,25,48,True,,
431,25,34,True,,
432,25,32,True,,
433,25,27,True,,
434,25,837,False,,
435,25,1,False,,
436,25,35,True,,
437,25,36,True,,
438,25,1,False,,
439,25,27,True,,
440,25,47,True,,
441,25,34,True,,
442,25,34,True,,
443,25,1,False,,
444,25,4897535,False,,
445,25,3095383,False,,
446,25,35,True,,
447,25,7105,False,,
448,25,46,True,,
449,25,32,True,,
450,25,35,True,,
451,25,31061,False,,
452,25,1,False,,
453,25,1,False,,
454,25,27,True,,
455,25,46,True,,
456,25,1,False,,
457,25,43,True,,
458,25,39,True,,
459,25,33,True,,
460,25,38,True,,
461,25,1,False,,
462,25,27,True,,
463,25,40,True,,
464,25,1079331,False,,
465,25,45,True,,
466,25,43,True,,
467,25,51,True,,
468,25,1,False,,
469,25,169,False,,
470,25,1,False,,
471,25,1,False,,
472,25,36,True,,
473,25,34,True,,
474,25,20393,False,,
475,25,49,True,,
476,25,285,False,,
477,25,29,True,,
478,25,48,True,,
479,25,36,True,,
480,25,1,False,,
481,25,34,True,,
482,25,1,False,,
483,25,29,True,,
484,25,2851717,False,,
485,25,27,True,,
486,25,49,True,,
487,25,78,True,,
488,25,1,False,,
489,25,31,True,,
490,25,39,True,,
491,25,525,False,,
492,25,1,False,,
493,25,34,True,,
494,25,31,True,,
495,25,1817,False,,
496,25,1,False,,
497,25,259,True,,
498,25,37,True,,
499,25,30,True,,
500,25,1,False,,
1,27,31,True,,
2,27,29,True,,
3,27,47,True,,
4,27,42,True,,
5,27,236585,False,,
6,27,40,True,,
7,27,1,False,,
8,27,1,False,,
9,27,29,True,,
10,27,37,True,,
11,27,50,True,,
12,27,33,True,,
13,27,35431765,False,,
14,27,34,True,,
15,27,1,False,,
16,27,44,True,,
17,27,35,True,,
18,27,76793,False,,
19,27,1,False,,
20,27,33,True,,
21,27,44,True,,
22,27,1,False,,
23,27,5703,False,,
24,27,29764635,False,,
25,27,1,False,,
26,27,70591163,False,,
27,27,49,True,,
28,27,29,True,,
29,27,46,True,,
30,27,1,False,,
31,27,47828491,False,,
32,27,27121583,False,,
33,27,1,False,,
34,27,39,True,,
35,27,876909,False,,
36,27,38,True,,
37,27,52,True,,
38,27,1,False,,
39,27,40,True,,
40,27,35,True,,
41,27,57105383,False,,
42,27,49,True,,
43,27,1,False,,
44,27,1,False,,
45,27,79696513,False,,
46,27,293,True,,
47,27,1,False,,
48,27,42,True,,
49,27,1,False,,
50,27,1,False,,
51,27,88672253,False,,
52,27,41,True,,
53,27,29,True,,
54,27,40,True,,
55,27,1,False,,
56,27,1821231,False,,
57,27,41,True,,
58,27,3229719,False,,
59,27,60261305,False,,
60,27,49,True,,
61,27,46,True,,
62,27,1,False,,
63,27,1,False,,
64,27,1,False,,
65,27,1,False,,
66,27,35,True,,
67,27,1645,False,,
68,27,41,True,,
69,27,1,False,,
70,27,1,False,,
71,27,43,True,,
72,27,35,True,,
73,27,30,True,,
74,27,15207803,False,,
75,27,1,False,,
76,27,43,True,,
77,27,1,False,,
78,27,3347521,False,,
79,27,32,True,,
80,27,34,True,,
81,27,1,False,,
82,27,33,True,,
83,27,29,True,,
84,27,69,False,,
85,27,53461431,False,,
86,27,1,False,,
87,27,253,False,,
88,27,1,False,,
89,27,1,False,,
90,27,45,True,,
91,27,8741,False,,
92,27,1,False,,
93,27,1,False,,
94,27,1,False,,
95,27,42,True,,
96,27,31,True,,
97,27,1,False,,
98,27,41,True,,
99,27,65315,False,,
100,27,51,True,,
101,27,51,True,,
102,27,45,True,,
103,27,35,True,,
104,27,1,False,,
105,27,1,False,,
106,27,1,False,,
107,27,1,False,,
108,27,39,True,,
109,27,34,True,,
110,27,1,False,,
111,27,41,True,,
112,27,1,False,,
113,27,1,False,,
114,27,417,True,,
115,27,431,False,,
116,27,1,False,,
117,27,1,False,,
118,27,39,True,,
119,27,1,False,,
120,27,1,False,,
121,27,34,True,,
122,27,52,True,,
123,27,24819,False,,
124,27,34,True,,
125,27,41,True,,
126,27,1,False,,
127,27,1,False,,
128,27,1,False,,
129,27,31,True,,
130,27,37519,False,,
131,27,1,False,,
132,27,990725,False,,
133,27,38,True,,
134,27,38,True,,
135,27,1,False,,
136,27,36,True,,
137,27,8517,False,,
138,27,50,True,,
139,27,51,True,,
140,27,250089,False,,
141,27,36,True,,
142,27,48,True,,
143,27,33,True,,
144,27,4984,True,,
145,27,22889719,False,,
146,27,42,True,,
147,27,1,False,,
148,27,1,False,,
149,27,1,False,,
150,27,53,True,,
151,27,107,False,,
152,27,1,False,,
153,27,43,True,,
154,27,31,True,,
155,27,1,False,,
156,27,55,True,,
157,27,53021,False,,
158,27,47,True,,
159,27,33,True,,
160,27,1,False,,
161,27,32,True,,
162,27,32,True,,
163,27,1,False,,
164,27,66724951,False,,
165,27,30,True,,
166,27,1,False,,
167,27,1075,False,,
168,27,95419647,False,,
169,27,40,True,,
170,27,1090821,False,,
171,27,1,False,,
172,27,1,False,,
173,27,71,False,,
174,27,47,True,,
175,27,46,True,,
176,27,1,False,,
177,27,1,False,,
178,27,1,False,,
179,27,1,False,,
180,27,285503,False,,
181,27,39,True,,
182,27,1,False,,
183,27,50,True,,
184,27,1,False,,
185,27,43,True,,
186,27,49,True,,
187,27,1,False,,
188,27,1,False,,
189,27,30,True,,
190,27,1,False,,
191,27,1,False,,
192,27,1,False,,
193,27,38,True,,
194,27,32035,False,,
195,27,1365207,False,,
196,27,29,True,,
197,27,1496473,False,,
198,27,52,True,,
199,27,53,True,,
200,27,45,True,,
201,27,50,True,,
202,27,1333775,False,,
203,27,46,True,,
204,27,1,False,,
205,27,35,True,,
206,27,32,True,,
207,27,9165,False,,
208,27,1,False,,
209,27,1,False,,
210,27,24366691,False,,
211,27,45,True,,
212,27,35,True,,
213,27,29,True,,
214,27,38,True,,
215,27,3843,False,,
216,27,47265953,False,,
217,27,21359,False,,
218,27,547951,False,,
219,27,1,False,,
220,27,35,True,,
221,27,20317,False,,
222,27,38,True,,
223,27,15591,False,,
224,27,46,True,,
225,27,1,False,,
226,27,1,False,,
227,27,1101331,False,,
228,27,44,True,,
229,27,41,True,,
230,27,1,False,,
231,27,54,True,,
232,27,46,True,,
233,27,1277,False,,
234,27,53,True,,
235,27,53,True,,
236,27,1,False,,
237,27,30,True,,
238,27,167,True,,
239,27,1,False,,
240,27,47,True,,
241,27,1,False,,
242,27,522391,False,,
243,27,58072051,False,,
244,27,1,False,,
245,27,52,True,,
246,27,1,False,,
247,27,1,False,,
248,27,1,False,,
249,27,47,True,,
250,27,40,True,,
251,27,1,False,,
252,27,48,True,,
253,27,1,False,,
254,27,1,False,,
255,27,1,False,,
256,27,2183,False,,
257,27,32,True,,
258,27,40,True,,
259,27,51,True,,
260,27,29498709,False,,
261,27,58121,False,,
262,27,97,False,,
263,27,1,False,,
264,27,158579,False,,
265,27,1,False,,
266,27,1,False,,
267,27,1,False,,
268,27,39,True,,
269,27,2890995,False,,
270,27,1,False,,
271,27,43,True,,
272,27,37,True,,
273,27,43,True,,
274,27,31,True,,
275,27,34,True,,
276,27,317,False,,
277,27,46,True,,
278,27,1,False,,
279,27,1,False,,
280,27,50,True,,
281,27,1,False,,
282,27,55,True,,
283,27,50,True,,
284,27,1,False,,
285,27,33,True,,
286,27,1097041,False,,
287,27,1,False,,
288,27,1,False,,
289,27,43,True,,
290,27,7337,False,,
291,27,44,True,,
292,27,1,False,,
293,27,1,False,,
294,27,2957,False,,
295,27,47,True,,
296,27,31,True,,
297,27,49,True,,
298,27,50,True,,
299,27,40,True,,
300,27,33,True,,
301,27,30,True,,
302,27,33,True,,
303,27,6599,False,,
304,27,35,True,,
305,27,1,False,,
306,27,41,True,,
307,27,42,True,,
308,27,4375,False,,
309,27,38,True,,
310,27,1,False,,
311,27,44,True,,
312,27,1,False,,
313,27,1,False,,
314,27,1,False,,
315,27,45,True,,
316,27,41,True,,
317,27,39,True,,
318,27,34,True,,
319,27,1,False,,
320,27,53,True,,
321,27,49,True,,
322,27,1,False,,
323,27,1,False,,
324,27,42,True,,
325,27,1,False,,
326,27,37,True,,
327,27,5397,False,,
328,27,71289195,False,,
329,27,219,False,,
330,27,34,True,,
331,27,227,False,,
332,27,785,True,,
333,27,36,True,,
334,27,45,True,,
335,27,33803,False,,
336,27,47,True,,
337,27,1,False,,
338,27,48,True,,
339,27,447,True,,
340,27,30753,False,,
341,27,32,True,,
342,27,39,True,,
343,27,1,False,,
344,27,45,True,,
345,27,275,True,,
346,27,1,False,,
347,27,31,True,,
348,27,1,False,,
349,27,31,True,,
350,27,38,True,,
351,27,1,False,,
352,27,38,True,,
353,27,33,True,,
354,27,1,False,,
355,27,32,True,,
356,27,30,True,,
357,27,1,False,,
358,27,22923,False,,
359,27,43,True,,
360,27,37,True,,
361,27,46,True,,
362,27,1,False,,
363,27,1,False,,
364,27,44,True,,
365,27,33,True,,
366,27,45,True,,
367,27,1,False,,
368,27,1,False,,
369,27,48,True,,
370,27,121,False,,
371,27,1,False,,
372,27,31,True,,
373,27,1,False,,
374,27,1,False,,
375,27,34,True,,
376,27,49,True,,
377,27,33,True,,
378,27,37,True,,
379,27,33,True,,
380,27,471,True,,
381,27,50,True,,
382,27,1,False,,
383,27,1,False,,
384,27,1,False,,
385,27,191765,False,,
386,27,50,True,,
387,27,39,True,,
388,27,36,True,,
389,27,46,True,,
390,27,30,True,,
391,27,29,True,,
392,27,52,True,,
393,27,39,True,,
394,27,1,False,,
395,27,1,False,,
396,27,1,False,,
397,27,35,True,,
398,27,259,True,,
399,27,40,True,,
400,27,1,False,,
401,27,31,True,,
402,27,61345,False,,
403,27,1,False,,
404,27,48,True,,
405,27,571383,False,,
406,27,51,True,,
407,27,46,True,,
408,27,50,True,,
409,27,45,True,,
410,27,1,False,,
411,27,53,True,,
412,27,1,False,,
413,27,49,True,,
414,27,40,True,,
415,27,1,False,,
416,27,48,True,,
417,27,43,True,,
418,27,1,False,,
419,27,52,True,,
420,27,1,False,,
421,27,42,True,,
422,27,1,False,,
423,27,6157665,False,,
424,27,43,True,,
425,27,129,True,,
426,27,52,True,,
427,27,1,False,,
428,27,53,True,,
429,27,1,False,,
430,27,34,True,,
431,27,42,True,,
432,27,37,True,,
433,27,50,True,,
434,27,167441,False,,
435,27,1,False,,
436,27,44,True,,
437,27,30,True,,
438,27,69,False,,
439,27,41,True,,
440,27,34,True,,
441,27,45,True,,
442,27,37,True,,
443,27,1,False,,
444,27,10874341,False,,
445,27,1,False,,
446,27,47,True,,
447,27,12647,False,,
448,27,30,True,,
449,27,47,True,,
450,27,51,True,,
451,27,1,False,,
452,27,1,False,,
453,27,1,False,,
454,27,53,True,,
455,27,35,True,,
456,27,47759,False,,
457,27,42,True,,
458,27,34,True,,
459,27,51,True,,
460,27,49,True,,
461,27,1,False,,
462,27,33,True,,
463,27,47,True,,
464,27,257529,False,,
465,27,33,True,,
466,27,39,True,,
467,27,29,True,,
468,27,1,False,,
469,27,2737,False,,
470,27,1,False,,
471,27,243,False,,
472,27,47,True,,
473,27,29,True,,
474,27,1,False,,
475,27,41,True,,
476,27,1,False,,
477,27,31,True,,
478,27,36,True,,
479,27,51,True,,
480,27,1,False,,
481,27,43,True,,
482,27,1,False,,
483,27,39,True,,
484,27,1,False,,
485,27,30,True,,
486,27,45,True,,
487,27,44,True,,
488,27,210879,False,,
489,27,51,True,,
490,27,47,True,,
491,27,1,False,,
492,27,8163,False,,
493,27,32,True,,
494,27,32,True,,
495,27,1,False,,
496,27,6047737,False,,
497,27,29,True,,
498,27,43,True,,
499,27,47,True,,
500,27,378609,False,,
1,30,53,True,,9695089858
2,30,46,True,,
3,30,53,True,,
4,30,33,True,,
5,30,1,False,,
6,30,46,True,,
7,30,1,False,,
8,30,1,False,,
9,30,58,True,,
10,30,61,True,,
11,30,55,True,,
12,30,41,True,,
13,30,247470993,False,,
14,30,41,True,,
15,30,1,False,,
16,30,37,True,,
17,30,45,True,,
18,30,314356025,False,,
19,30,1,False,,
20,30,34,True,,
21,30,61,True,,
22,30,1,False,,
23,30,1,False,,
24,30,2954303,False,,
25,30,3507,False,,
26,30,11494823,False,,
27,30,57,True,,
28,30,55,True,,
29,30,51,True,,
30,30,1,False,,
31,30,1,False,,
32,30,783310931,False,,
33,30,19243,False,,
34,30,445,True,,
35,30,1,False,,
36,30,55,True,,
37,30,3077,True,,
38,30,61,True,,
39,30,53,True,,
40,30,36,True,,
41,30,1,False,,
42,30,55,True,,
43,30,52823,False,,
44,30,1,False,,
45,30,441289797,False,,
46,30,53,True,,
47,30,1,False,,
48,30,49,True,,
49,30,8359,False,,
50,30,1,False,,
51,30,1,False,,
52,30,55,True,,
53,30,43,True,,
54,30,40,True,,
55,30,991137,False,,
56,30,11962993,False,,
57,30,38,True,,
58,30,88479,False,,
59,30,607701855,False,,
60,30,46,True,,
61,30,33,True,,
62,30,61,True,,
63,30,1,False,,
64,30,1,False,,
65,30,804183,False,,
66,30,34,True,,
67,30,9661,False,,
68,30,53,True,,
69,30,1,False,,
70,30,1,False,,
71,30,33,True,,
72,30,32,True,,
73,30,42,True,,
74,30,1,False,,
75,30,1485147,False,,
76,30,39,True,,
77,30,1,False,,
78,30,669529329,False,,
79,30,49,True,,
80,30,46,True,,
81,30,1,False,,
82,30,41,True,,
83,30,46,True,,
84,30,54991,False,,
85,30,252474031,False,,
86,30,1,False,,
87,30,31215423,False,,
88,30,1,False,,
89,30,1,False,,
90,30,52,True,,
91,30,1255,False,,
92,30,90887,False,,
93,30,366939,False,,
94,30,1,False,,
95,30,39,True,,
96,30,46,True,,
97,30,1,False,,
98,30,37,True,,
99,30,1,False,,
100,30,36,True,,
101,30,476,True,,
102,30,45,True,,
103,30,52,True,,
104,30,1923,False,,
105,30,652819,False,,
106,30,84811,False,,
107,30,3243205,False,,
108,30,38,True,,
109,30,50,True,,
110,30,335,False,,
111,30,32,True,,
112,30,1,False,,
113,30,9477,False,,
114,30,36,True,,
115,30,1,False,,
116,30,1,False,,
117,30,1,False,,
118,30,54,True,,
119,30,2196151,False,,
120,30,195,False,,
121,30,55,True,,
122,30,32,True,,
123,30,1598535,False,,
124,30,50,True,,
125,30,40,True,,
126,30,271464571,False,,
127,30,1,False,,
128,30,1,False,,
129,30,35,True,,
130,30,557,False,,
131,30,1,False,,
132,30,427139229,False,,
133,30,37,True,,
134,30,45,True,,
135,30,79209343,False,,
136,30,40,True,,
137,30,1,False,,
138,30,37,True,,
139,30,57,True,,
140,30,1,False,,
141,30,53,True,,
142,30,54,True,,
143,30,32,True,,
144,30,674,True,,
145,30,38071305,False,,
146,30,39,True,,
147,30,1807171,False,,
148,30,481293,False,,
149,30,1,False,,
150,30,36,True,,
151,30,1,False,,
152,30,1,False,,
153,30,46,True,,
154,30,37,True,,
155,30,1,False,,
156,30,48,True,,
157,30,1,False,,
158,30,35,True,,
159,30,49,True,,
160,30,1,False,,
161,30,38,True,,
162,30,34,True,,
163,30,1,False,,
164,30,214457325,False,,
165,30,55,True,,
166,30,1,False,,
167,30,257,False,,
168,30,92155647,False,,
169,30,46,True,,
170,30,1,False,,
171,30,10549,False,,
172,30,1,False,,
173,30,1,False,,
174,30,52,True,,
175,30,45,True,,
176,30,1,False,,
177,30,1,False,,
178,30,1,False,,
179,30,1,False,,
180,30,1,False,,
181,30,39,True,,
182,30,1,False,,
183,30,45,True,,
184,30,158018159,False,,
185,30,38,True,,
186,30,52,True,,
187,30,65141,False,,
188,30,57857,False,,
189,30,46,True,,
190,30,1,False,,
191,30,196437,False,,
192,30,1,False,,
193,30,46,True,,
194,30,1,False,,
195,30,1,False,,
196,30,56,True,,
197,30,762809,False,,
198,30,48,True,,
199,30,53,True,,
200,30,423,True,,
201,30,37,True,,
202,30,1,False,,
203,30,54,True,,
204,30,2621751,False,,
205,30,42,True,,
206,30,33,True,,
207,30,1,False,,
208,30,1,False,,
209,30,2287075,False,,
210,30,187787491,False,,
211,30,38,True,,
212,30,35,True,,
213,30,39,True,,
214,30,54,True,,
215,30,1,False,,
216,30,1,False,,
217,30,1,False,,
218,30,1,False,,
219,30,13751,False,,
220,30,44,True,,
221,30,1,False,,
222,30,46,True,,
223,30,1,False,,
224,30,36,True,,
225,30,2592621,False,,
226,30,845,False,,
227,30,2861,False,,
228,30,46,True,,
229,30,202,True,,
230,30,1,False,,
231,30,40,True,,
232,30,50,True,,
233,30,1,False,,
234,30,49,True,,
235,30,47,True,,
236,30,357003,False,,
237,30,47,True,,
238,30,52,True,,
239,30,1,False,,
240,30,37,True,,
241,30,1,False,,
242,30,169281,False,,
243,30,1020605,False,,
244,30,1,False,,
245,30,32,True,,
246,30,1,False,,
247,30,1,False,,
248,30,1,False,,
249,30,42,True,,
250,30,46,True,,
251,30,6140755,False,,
252,30,37,True,,
253,30,196249,False,,
254,30,129556853,False,,
255,30,1,False,,
256,30,8523,False,,
257,30,43,True,,
258,30,32,True,,
259,30,41,True,,
260,30,1,False,,
261,30,473469685,False,,
262,30,1,False,,
263,30,1,False,,
264,30,3689577,False,,
265,30,139,False,,
266,30,1,False,,
267,30,190885,False,,
268,30,54,True,,
269,30,12118547,False,,
270,30,1,False,,
271,30,34,True,,
272,30,39,True,,
273,30,45,True,,
274,30,50,True,,
275,30,42,True,,
276,30,3027,False,,
277,30,46,True,,
278,30,68737,False,,
279,30,1,False,,
280,30,43,True,,
281,30,1,False,,
282,30,426979,False,,
283,30,59,True,,
284,30,1,False,,
285,30,54,True,,
286,30,1,False,,
287,30,1,False,,
288,30,1,False,,
289,30,32,True,,
290,30,1,False,,
291,30,56,True,,
292,30,505,False,,
293,30,3113,False,,
294,30,645604261,False,,
295,30,51,True,,
296,30,54,True,,
297,30,52,True,,
298,30,32,True,,
299,30,47,True,,
300,30,342,True,,
301,30,44,True,,
302,30,50,True,,
303,30,1,False,,
304,30,55,True,,
305,30,741,False,,
306,30,36,True,,
307,30,49,True,,
308,30,1,False,,
309,30,48,True,,
310,30,1,False,,
311,30,51,True,,
312,30,1,False,,
313,30,1,False,,
314,30,1,False,,
315,30,52,True,,
316,30,33,True,,
317,30,55,True,,
318,30,45,True,,
319,30,13701,False,,
320,30,56,True,,
321,30,59,True,,
322,30,1,False,,
323,30,1115068881,False,,
324,30,173,True,,
325,30,1,False,,
326,30,38,True,,
327,30,1010921,False,,
328,30,316244677,False,,
329,30,10837,False,,
330,30,13394,True,,
331,30,1,False,,
332,30,40,True,,
333,30,44,True,,
334,30,47,True,,
335,30,1004163,False,,
336,30,43,True,,
337,30,705484473,False,,
338,30,37,True,,
339,30,46,True,,
340,30,115368343,False,,
341,30,32,True,,
342,30,44,True,,
343,30,1,False,,
344,30,55,True,,
345,30,44,True,,
346,30,599,False,,
347,30,32,True,,
348,30,1,False,,
349,30,42,True,,
350,30,36,True,,
351,30,1,False,,
352,30,58,True,,
353,30,34,True,,
354,30,1,False,,
355,30,33,True,,
356,30,26847,True,,
357,30,172033,False,,
358,30,1,False,,
359,30,49,True,,
360,30,37,True,,
361,30,46,True,,
362,30,1,False,,
363,30,1,False,,
364,30,41,True,,
365,30,33,True,,
366,30,32,True,,
367,30,1,False,,
368,30,1,False,,
369,30,50,True,,
370,30,1,False,,
371,30,1,False,,
372,30,32,True,,
373,30,1,False,,
374,30,1,False,,
375,30,32,True,,
376,30,42,True,,
377,30,45,True,,
378,30,44,True,,
379,30,34,True,,
380,30,32,True,,
381,30,45,True,,
382,30,1,False,,
383,30,1,False,,
384,30,1,False,,
385,30,1,False,,
386,30,724,True,,
387,30,53,True,,
388,30,59,True,,
389,30,47,True,,
390,30,34,True,,
391,30,33,True,,
392,30,50,True,,
393,30,41,True,,
394,30,544658627,False,,
395,30,234057,False,,
396,30,1,False,,
397,30,409,True,,
398,30,117189,True,,
399,30,47,True,,
400,30,921,False,,
401,30,39,True,,
402,30,21922135,False,,
403,30,1,False,,
404,30,47,True,,
405,30,1,False,,
406,30,48,True,,
407,30,37,True,,
408,30,35,True,,
409,30,43,True,,
410,30,151,False,,
411,30,49,True,,
412,30,86097,False,,
413,30,44,True,,
414,30,52,True,,
415,30,779,False,,
416,30,44,True,,
417,30,46,True,,
418,30,13713,False,,
419,30,45,True,,
420,30,1,False,,
421,30,40,True,,
422,30,1,False,,
423,30,305,False,,
424,30,44,True,,
425,30,4013489,True,,
426,30,47,True,,
427,30,5808101,False,,
428,30,41,True,,
429,30,1,False,,
430,30,57,True,,
431,30,46,True,,
432,30,60,True,,
433,30,40,True,,
434,30,4401,False,,
435,30,1,False,,
436,30,42,True,,
437,30,42,True,,
438,30,1,False,,
439,30,35,True,,
440,30,50,True,,
441,30,59,True,,
442,30,42,True,,
443,30,1,False,,
444,30,1,False,,
445,30,170538329,False,,
446,30,38,True,,
447,30,1237,False,,
448,30,52,True,,
449,30,52,True,,
450,30,54,True,,
451,30,1760623,False,,
452,30,1,False,,
453,30,1,False,,
454,30,51,True,,
455,30,57,True,,
456,30,1987,False,,
457,30,44,True,,
458,30,56,True,,
459,30,41,True,,
460,30,33,True,,
461,30,1,False,,
462,30,44,True,,
463,30,47,True,,
464,30,486390253,False,,
465,30,42,True,,
466,30,32,True,,
467,30,39,True,,
468,30,483485,False,,
469,30,1,False,,
470,30,1,False,,
471,30,1,False,,
472,30,33,True,,
473,30,50,True,,
474,30,1,False,,
475,30,42,True,,
476,30,1,False,,
477,30,48,True,,
478,30,51,True,,
479,30,38,True,,
480,30,1,False,,
481,30,57,True,,
482,30,1,False,,
483,30,39,True,,
484,30,65309233,False,,
485,30,35,True,,
486,30,36,True,,
487,30,33,True,,
488,30,1,False,,
489,30,47,True,,
490,30,58,True,,
491,30,1,False,,
492,30,1,False,,
493,30,47,True,,
494,30,162,True,,
495,30,1,False,,
496,30,1077781,False,,
497,30,1980,True,,
498,30,37,True,,
499,30,56,True,,
500,30,474061,False,,
