ID,n,Number of steps,Result,
1,4,8,True,
2,4,7,True,
3,4,9,True,
4,4,8,True,
5,4,9,False,
6,4,8,True,
7,4,15,False,
8,4,1,False,
9,4,6,True,
10,4,8,True,
11,4,12,True,
12,4,7,True,
13,4,9,False,
14,4,10,True,
15,4,9,False,
16,4,11,True,
17,4,9,True,
18,4,9,False,
19,4,1,False,
20,4,10,True,
21,4,8,True,
22,4,7,False,
23,4,1,False,
24,4,9,False,
25,4,1,False,
26,4,9,False,
27,4,8,True,
28,4,8,True,
29,4,8,True,
30,4,1,False,
31,4,15,False,
32,4,13,False,
33,4,5,False,
34,4,17,True,
35,4,9,False,
36,4,7,True,
37,4,9,True,
38,4,9,False,
39,4,7,True,
40,4,13,True,
41,4,7,False,
42,4,8,True,
43,4,3,False,
44,4,1,False,
45,4,13,False,
46,4,7,True,
47,4,17,False,
48,4,8,True,
49,4,9,True,
50,4,3,False,
51,4,9,True,
52,4,16,True,
53,4,7,True,
54,4,12,True,
55,4,1,False,
56,4,9,False,
57,4,7,True,
58,4,7,False,
59,4,11,False,
60,4,11,True,
61,4,9,True,
62,4,5,False,
63,4,9,False,
64,4,1,False,
65,4,1,False,
66,4,7,True,
67,4,1,False,
68,4,6,True,
69,4,9,True,
70,4,1,False,
71,4,7,True,
72,4,6,True,
73,4,7,True,
74,4,9,True,
75,4,9,False,
76,4,8,True,
77,4,1,False,
78,4,5,False,
79,4,12,True,
80,4,8,True,
81,4,1,False,
82,4,12,True,
83,4,9,True,
84,4,5,False,
85,4,5,False,
86,4,3,False,
87,4,13,False,
88,4,7,False,
89,4,5,False,
90,4,6,True,
91,4,1,False,
92,4,1,False,
93,4,7,False,
94,4,1,False,
95,4,6,True,
96,4,7,True,
97,4,1,False,
98,4,8,True,
99,4,3,False,
100,4,8,True,
101,4,6,True,
102,4,7,True,
103,4,8,True,
104,4,5,False,
105,4,15,False,
106,4,9,False,
107,4,1,False,
108,4,7,True,
109,4,6,True,
110,4,5,False,
111,4,8,True,
112,4,9,False,
113,4,1,False,
114,4,10,True,
115,4,1,False,
116,4,9,False,
117,4,17,False,
118,4,9,True,
119,4,5,False,
120,4,1,False,
121,4,6,True,
122,4,17,True,
123,4,1,False,
124,4,8,True,
125,4,7,True,
126,4,9,True,
127,4,3,False,
128,4,7,False,
129,4,15,True,
130,4,1,False,
131,4,1,False,
132,4,1,False,
133,4,8,True,
134,4,7,True,
135,4,1,False,
136,4,7,True,
137,4,1,False,
138,4,8,True,
139,4,8,True,
140,4,1,False,
141,4,6,True,
142,4,10,True,
143,4,10,True,
144,4,9,True,
145,4,9,True,
146,4,7,True,
147,4,1,False,
148,4,1,False,
149,4,9,False,
150,4,7,True,
151,4,1,False,
152,4,9,False,
153,4,8,True,
154,4,7,True,
155,4,3,False,
156,4,6,True,
157,4,7,False,
158,4,6,True,
159,4,8,True,
160,4,1,False,
161,4,8,True,
162,4,9,True,
163,4,1,False,
164,4,13,False,
165,4,7,True,
166,4,7,False,
167,4,1,False,
168,4,15,False,
169,4,10,True,
170,4,9,False,
171,4,5,False,
172,4,1,False,
173,4,1,False,
174,4,8,True,
175,4,7,True,
176,4,7,False,
177,4,9,True,
178,4,1,False,
179,4,1,False,
180,4,1,False,
181,4,6,True,
182,4,1,False,
183,4,9,True,
184,4,1,False,
185,4,8,True,
186,4,8,True,
187,4,1,False,
188,4,9,False,
189,4,6,True,
190,4,1,False,
191,4,1,False,
192,4,1,False,
193,4,6,True,
194,4,7,False,
195,4,15,False,
196,4,11,True,
197,4,13,False,
198,4,7,True,
199,4,11,True,
200,4,17,True,
201,4,9,True,
202,4,7,False,
203,4,7,True,
204,4,9,True,
205,4,12,True,
206,4,9,True,
207,4,9,True,
208,4,13,False,
209,4,1,False,
210,4,7,False,
211,4,7,True,
212,4,9,True,
213,4,14,True,
214,4,6,True,
215,4,9,True,
216,4,9,True,
217,4,5,False,
218,4,3,False,
219,4,9,False,
220,4,13,True,
221,4,5,False,
222,4,7,True,
223,4,1,False,
224,4,8,True,
225,4,7,False,
226,4,7,False,
227,4,7,False,
228,4,6,True,
229,4,8,True,
230,4,1,False,
231,4,6,True,
232,4,6,True,
233,4,1,False,
234,4,6,True,
235,4,6,True,
236,4,5,False,
237,4,8,True,
238,4,16,True,
239,4,3,False,
240,4,8,True,
241,4,1,False,
242,4,1,False,
243,4,11,False,
244,4,5,False,
245,4,8,True,
246,4,13,False,
247,4,1,False,
248,4,1,False,
249,4,7,True,
250,4,7,True,
251,4,9,True,
252,4,7,True,
253,4,3,False,
254,4,5,False,
255,4,9,True,
256,4,1,False,
257,4,6,True,
258,4,6,True,
259,4,7,True,
260,4,3,False,
261,4,13,False,
262,4,1,False,
263,4,1,False,
264,4,1,False,
265,4,15,False,
266,4,3,False,
267,4,15,False,
268,4,11,True,
269,4,1,False,
270,4,1,False,
271,4,12,True,
272,4,7,True,
273,4,7,True,
274,4,7,True,
275,4,7,True,
276,4,1,False,
277,4,7,True,
278,4,5,False,
279,4,1,False,
280,4,7,True,
281,4,5,False,
282,4,5,False,
283,4,7,True,
284,4,9,True,
285,4,10,True,
286,4,15,False,
287,4,3,False,
288,4,1,False,
289,4,6,True,
290,4,1,False,
291,4,8,True,
292,4,1,False,
293,4,1,False,
294,4,9,False,
295,4,13,True,
296,4,7,True,
297,4,7,True,
298,4,7,True,
299,4,7,True,
300,4,9,True,
301,4,6,True,
302,4,8,True,
303,4,5,False,
304,4,6,True,
305,4,1,False,
306,4,8,True,
307,4,8,True,
308,4,1,False,
309,4,7,True,
310,4,1,False,
311,4,6,True,
312,4,3,False,
313,4,1,False,
314,4,1,False,
315,4,6,True,
316,4,8,True,
317,4,7,True,
318,4,8,True,
319,4,5,False,
320,4,7,True,
321,4,7,True,
322,4,9,True,
323,4,11,False,
324,4,6,True,
325,4,7,False,
326,4,10,True,
327,4,5,False,
328,4,15,False,
329,4,3,False,
330,4,6,True,
331,4,13,False,
332,4,6,True,
333,4,7,True,
334,4,7,True,
335,4,1,False,
336,4,7,True,
337,4,5,False,
338,4,8,True,
339,4,12,True,
340,4,15,False,
341,4,7,True,
342,4,7,True,
343,4,9,False,
344,4,7,True,
345,4,13,True,
346,4,13,False,
347,4,6,True,
348,4,9,True,
349,4,8,True,
350,4,7,True,
351,4,1,False,
352,4,8,True,
353,4,7,True,
354,4,3,False,
355,4,7,True,
356,4,8,True,
357,4,1,False,
358,4,1,False,
359,4,7,True,
360,4,11,True,
361,4,7,True,
362,4,9,True,
363,4,7,False,
364,4,8,True,
365,4,6,True,
366,4,12,True,
367,4,1,False,
368,4,1,False,
369,4,6,True,
370,4,3,False,
371,4,9,False,
372,4,6,True,
373,4,9,False,
374,4,1,False,
375,4,9,True,
376,4,6,True,
377,4,10,True,
378,4,6,True,
379,4,7,True,
380,4,11,True,
381,4,9,True,
382,4,1,False,
383,4,5,False,
384,4,1,False,
385,4,1,False,
386,4,13,True,
387,4,8,True,
388,4,12,True,
389,4,7,True,
390,4,6,True,
391,4,17,True,
392,4,6,True,
393,4,7,True,
394,4,11,False,
395,4,9,True,
396,4,7,False,
397,4,7,True,
398,4,7,True,
399,4,13,True,
400,4,7,False,
401,4,8,True,
402,4,1,False,
403,4,1,False,
404,4,15,True,
405,4,9,False,
406,4,8,True,
407,4,8,True,
408,4,7,True,
409,4,10,True,
410,4,1,False,
411,4,6,True,
412,4,13,False,
413,4,7,True,
414,4,10,True,
415,4,9,True,
416,4,17,True,
417,4,7,True,
418,4,5,False,
419,4,16,True,
420,4,1,False,
421,4,6,True,
422,4,1,False,
423,4,1,False,
424,4,7,True,
425,4,6,True,
426,4,8,True,
427,4,13,False,
428,4,9,True,
429,4,1,False,
430,4,6,True,
431,4,6,True,
432,4,7,True,
433,4,9,True,
434,4,3,False,
435,4,1,False,
436,4,10,True,
437,4,6,True,
438,4,1,False,
439,4,9,True,
440,4,16,True,
441,4,6,True,
442,4,7,True,
443,4,1,False,
444,4,9,False,
445,4,15,False,
446,4,9,True,
447,4,13,False,
448,4,6,True,
449,4,8,True,
450,4,7,True,
451,4,9,False,
452,4,1,False,
453,4,1,False,
454,4,6,True,
455,4,7,True,
456,4,1,False,
457,4,6,True,
458,4,7,True,
459,4,8,True,
460,4,6,True,
461,4,1,False,
462,4,6,True,
463,4,7,True,
464,4,15,False,
465,4,7,True,
466,4,8,True,
467,4,7,True,
468,4,1,False,
469,4,1,False,
470,4,1,False,
471,4,7,False,
472,4,6,True,
473,4,8,True,
474,4,1,False,
475,4,12,True,
476,4,5,False,
477,4,9,True,
478,4,7,True,
479,4,17,True,
480,4,13,False,
481,4,6,True,
482,4,7,False,
483,4,6,True,
484,4,7,False,
485,4,8,True,
486,4,8,True,
487,4,7,True,
488,4,1,False,
489,4,9,True,
490,4,8,True,
491,4,1,False,
492,4,1,False,
493,4,6,True,
494,4,7,True,
495,4,1,False,
496,4,3,False,
497,4,6,True,
498,4,8,True,
499,4,8,True,
500,4,13,False,
1,10,19,True,
2,10,20,True,
3,10,12,True,
4,10,69,True,
5,10,1,False,
6,10,17,True,
7,10,1,False,
8,10,1,False,
9,10,19,True,
10,10,16,True,
11,10,19,True,
12,10,30,True,
13,10,437,False,
14,10,17,True,
15,10,35,False,
16,10,20,True,
17,10,15,True,
18,10,195,False,
19,10,1,False,
20,10,36,True,
21,10,30,True,
22,10,1,False,
23,10,1,False,
24,10,1,False,
25,10,1,False,
26,10,357,False,
27,10,19,True,
28,10,20,True,
29,10,15,True,
30,10,1,False,
31,10,1,False,
32,10,53,False,
33,10,1,False,
34,10,341,True,
35,10,1,False,
36,10,50,True,
37,10,440,True,
38,10,55,False,
39,10,13,True,
40,10,226,True,
41,10,31,False,
42,10,18,True,
43,10,1,False,
44,10,1,False,
45,10,217,False,
46,10,16,True,
47,10,1,False,
48,10,20,True,
49,10,55,False,
50,10,1,False,
51,10,39,False,
52,10,12,True,
53,10,18,True,
54,10,20,True,
55,10,1,False,
56,10,1,False,
57,10,18,True,
58,10,1,False,
59,10,171,False,
60,10,21,True,
61,10,21,True,
62,10,73,False,
63,10,1,False,
64,10,1,False,
65,10,1,False,
66,10,17,True,
67,10,1,False,
68,10,20,True,
69,10,13,False,
70,10,1,False,
71,10,17,True,
72,10,33,True,
73,10,40,True,
74,10,131,False,
75,10,1,False,
76,10,18,True,
77,10,1,False,
78,10,213,False,
79,10,19,True,
80,10,16,True,
81,10,1,False,
82,10,37,True,
83,10,14,True,
84,10,31,False,
85,10,613,False,
86,10,1,False,
87,10,1,False,
88,10,1,False,
89,10,9,False,
90,10,20,True,
91,10,1,False,
92,10,1,False,
93,10,85,False,
94,10,1,False,
95,10,15,True,
96,10,18,True,
97,10,1,False,
98,10,34,True,
99,10,1,False,
100,10,17,True,
101,10,49,True,
102,10,16,True,
103,10,20,True,
104,10,99,False,
105,10,55,False,
106,10,35,False,
107,10,31,False,
108,10,16,True,
109,10,19,True,
110,10,17,False,
111,10,208,True,
112,10,1,False,
113,10,1,False,
114,10,82,True,
115,10,33,False,
116,10,1,False,
117,10,39,False,
118,10,31,True,
119,10,1,False,
120,10,1,False,
121,10,19,True,
122,10,68,True,
123,10,37,False,
124,10,14,True,
125,10,16,True,
126,10,1,False,
127,10,55,False,
128,10,1,False,
129,10,247,True,
130,10,1,False,
131,10,1,False,
132,10,213,False,
133,10,23,True,
134,10,23,True,
135,10,1,False,
136,10,19,True,
137,10,1,False,
138,10,20,True,
139,10,17,True,
140,10,1,False,
141,10,19,True,
142,10,15,True,
143,10,30,True,
144,10,92,True,
145,10,153,False,
146,10,31,True,
147,10,1,False,
148,10,1,False,
149,10,1,False,
150,10,18,True,
151,10,55,False,
152,10,23,False,
153,10,16,True,
154,10,96,True,
155,10,1,False,
156,10,38,True,
157,10,1,False,
158,10,44,True,
159,10,17,True,
160,10,1,False,
161,10,142,True,
162,10,16,True,
163,10,9,False,
164,10,111,False,
165,10,13,True,
166,10,1,False,
167,10,25,False,
168,10,361,False,
169,10,277,True,
170,10,1,False,
171,10,163,False,
172,10,1,False,
173,10,19,False,
174,10,37,True,
175,10,17,True,
176,10,209,False,
177,10,45,False,
178,10,1,False,
179,10,13,False,
180,10,1,False,
181,10,18,True,
182,10,1,False,
183,10,17,True,
184,10,1,False,
185,10,530,True,
186,10,18,True,
187,10,9,False,
188,10,1,False,
189,10,14,True,
190,10,9,False,
191,10,53,False,
192,10,1,False,
193,10,15,True,
194,10,1,False,
195,10,1,False,
196,10,73,True,
197,10,1,False,
198,10,14,True,
199,10,13,True,
200,10,117,True,
201,10,16,True,
202,10,21,False,
203,10,17,True,
204,10,15,False,
205,10,18,True,
206,10,33,True,
207,10,1,False,
208,10,15,False,
209,10,1,False,
210,10,21,False,
211,10,21,True,
212,10,17,True,
213,10,283,True,
214,10,24,True,
215,10,1,False,
216,10,523,False,
217,10,1,False,
218,10,71,False,
219,10,17,False,
220,10,20,True,
221,10,41,False,
222,10,23,True,
223,10,19,False,
224,10,15,True,
225,10,9,False,
226,10,1,False,
227,10,17,False,
228,10,18,True,
229,10,280,True,
230,10,1,False,
231,10,40,True,
232,10,17,True,
233,10,153,False,
234,10,20,True,
235,10,22,True,
236,10,1,False,
237,10,53,True,
238,10,101,True,
239,10,25,False,
240,10,14,True,
241,10,1,False,
242,10,1,False,
243,10,55,False,
244,10,1,False,
245,10,25,True,
246,10,1,False,
247,10,159,False,
248,10,15,False,
249,10,98,True,
250,10,20,True,
251,10,13,False,
252,10,36,True,
253,10,33,False,
254,10,45,False,
255,10,1,False,
256,10,1,False,
257,10,14,True,
258,10,94,True,
259,10,16,True,
260,10,125,False,
261,10,21,False,
262,10,1,False,
263,10,1,False,
264,10,35,False,
265,10,1,False,
266,10,1,False,
267,10,175,False,
268,10,26,True,
269,10,39,False,
270,10,13,False,
271,10,141,True,
272,10,28,True,
273,10,159,True,
274,10,107,True,
275,10,15,True,
276,10,1,False,
277,10,14,True,
278,10,143,False,
279,10,1,False,
280,10,20,True,
281,10,1,False,
282,10,1,False,
283,10,18,True,
284,10,445,False,
285,10,397,True,
286,10,29,False,
287,10,21,False,
288,10,1,False,
289,10,12,True,
290,10,1,False,
291,10,28,True,
292,10,1,False,
293,10,39,False,
294,10,1,False,
295,10,122,True,
296,10,14,True,
297,10,20,True,
298,10,16,True,
299,10,27,True,
300,10,57,True,
301,10,18,True,
302,10,21,True,
303,10,1,False,
304,10,20,True,
305,10,9,False,
306,10,32,True,
307,10,30,True,
308,10,1,False,
309,10,19,True,
310,10,11,False,
311,10,13,True,
312,10,1,False,
313,10,1,False,
314,10,1,False,
315,10,17,True,
316,10,14,True,
317,10,67,True,
318,10,50,True,
319,10,1,False,
320,10,37,True,
321,10,36,True,
322,10,1,False,
323,10,185,False,
324,10,47,True,
325,10,27,False,
326,10,42,True,
327,10,1,False,
328,10,1,False,
329,10,1,False,
330,10,164,True,
331,10,1,False,
332,10,37,True,
333,10,19,True,
334,10,21,True,
335,10,1,False,
336,10,13,True,
337,10,395,False,
338,10,12,True,
339,10,13,True,
340,10,119,False,
341,10,43,True,
342,10,89,True,
343,10,1,False,
344,10,18,True,
345,10,17,True,
346,10,151,False,
347,10,18,True,
348,10,1,False,
349,10,51,True,
350,10,131,True,
351,10,17,False,
352,10,18,True,
353,10,14,True,
354,10,1,False,
355,10,20,True,
356,10,335,True,
357,10,15,False,
358,10,1,False,
359,10,19,True,
360,10,20,True,
361,10,14,True,
362,10,1,False,
363,10,1,False,
364,10,40,True,
365,10,27,True,
366,10,78,True,
367,10,1,False,
368,10,1,False,
369,10,13,True,
370,10,1,False,
371,10,1,False,
372,10,17,True,
373,10,1,False,
374,10,1,False,
375,10,14,True,
376,10,17,True,
377,10,28,True,
378,10,92,True,
379,10,13,True,
380,10,66,True,
381,10,16,True,
382,10,1,False,
383,10,1,False,
384,10,1,False,
385,10,1,False,
386,10,134,True,
387,10,47,True,
388,10,19,True,
389,10,16,True,
390,10,21,True,
391,10,114,True,
392,10,12,True,
393,10,18,True,
394,10,527,False,
395,10,1,False,
396,10,39,False,
397,10,109,True,
398,10,176,True,
399,10,28,True,
400,10,1,False,
401,10,47,True,
402,10,29,False,
403,10,1,False,
404,10,47,True,
405,10,1,False,
406,10,17,True,
407,10,13,True,
408,10,19,True,
409,10,84,True,
410,10,1,False,
411,10,14,True,
412,10,117,False,
413,10,16,True,
414,10,14,True,
415,10,155,False,
416,10,158,True,
417,10,21,True,
418,10,1,False,
419,10,64,True,
420,10,1,False,
421,10,50,True,
422,10,1,False,
423,10,21,True,
424,10,17,True,
425,10,179,True,
426,10,18,True,
427,10,63,False,
428,10,16,True,
429,10,1,False,
430,10,15,True,
431,10,44,True,
432,10,15,True,
433,10,107,True,
434,10,1,False,
435,10,1,False,
436,10,16,True,
437,10,23,True,
438,10,1,False,
439,10,58,True,
440,10,17,True,
441,10,12,True,
442,10,15,True,
443,10,1,False,
444,10,1,False,
445,10,21,False,
446,10,17,True,
447,10,1,False,
448,10,15,True,
449,10,16,True,
450,10,39,True,
451,10,81,False,
452,10,19,False,
453,10,17,False,
454,10,15,True,
455,10,56,True,
456,10,1,False,
457,10,18,True,
458,10,16,True,
459,10,17,True,
460,10,34,True,
461,10,1,False,
462,10,19,True,
463,10,61,True,
464,10,213,False,
465,10,18,True,
466,10,18,True,
467,10,19,True,
468,10,45,False,
469,10,21,False,
470,10,1,False,
471,10,1,False,
472,10,90,True,
473,10,17,True,
474,10,29,False,
475,10,26,True,
476,10,1,False,
477,10,31,True,
478,10,73,True,
479,10,34,True,
480,10,1,False,
481,10,18,True,
482,10,1,False,
483,10,21,True,
484,10,115,False,
485,10,19,True,
486,10,27,True,
487,10,112,True,
488,10,1,False,
489,10,56,True,
490,10,88,True,
491,10,1,False,
492,10,11,False,
493,10,19,True,
494,10,16,True,
495,10,1,False,
496,10,361,False,
497,10,36,True,
498,10,17,True,
499,10,20,True,
500,10,23,False,
1,15,26,True,
2,15,24,True,
3,15,24,True,
4,15,358,True,
5,15,1,False,
6,15,30,True,
7,15,1,False,
8,15,1,False,
9,15,19,True,
10,15,20,True,
11,15,103,True,
12,15,234,True,
13,15,1,False,
14,15,23,True,
15,15,33,False,
16,15,25,True,
17,15,29,True,
18,15,10007,False,
19,15,1,False,
20,15,4644,True,
21,15,19,True,
22,15,1,False,
23,15,1,False,
24,15,1,False,
25,15,1,False,
26,15,1595,False,
27,15,28,True,
28,15,22,True,
29,15,23,True,
30,15,1,False,
31,15,1,False,
32,15,1343,False,
33,15,31,True,
34,15,4175,True,
35,15,1,False,
36,15,27,True,
37,15,4542,True,
38,15,73,False,
39,15,28,True,
40,15,3046,True,
41,15,1,False,
42,15,28,True,
43,15,1,False,
44,15,241,False,
45,15,3721,False,
46,15,18,True,
47,15,1,False,
48,15,83,True,
49,15,1,False,
50,15,1,False,
51,15,15149,False,
52,15,325,True,
53,15,28,True,
54,15,28,True,
55,15,1,False,
56,15,1,False,
57,15,24,True,
58,15,57,False,
59,15,29,False,
60,15,66,True,
61,15,21,True,
62,15,1,False,
63,15,1,False,
64,15,1,False,
65,15,1,False,
66,15,47,True,
67,15,1,False,
68,15,25,True,
69,15,107,False,
70,15,1,False,
71,15,28,True,
72,15,92,True,
73,15,64,True,
74,15,101,False,
75,15,55,False,
76,15,23,True,
77,15,45,False,
78,15,1,False,
79,15,20,True,
80,15,53,True,
81,15,1,False,
82,15,19,True,
83,15,20,True,
84,15,1,False,
85,15,265,False,
86,15,37,False,
87,15,953,False,
88,15,1,False,
89,15,1,False,
90,15,65,True,
91,15,155,False,
92,15,1,False,
93,15,255,False,
94,15,1,False,
95,15,23,True,
96,15,25,True,
97,15,37,False,
98,15,440,True,
99,15,1,False,
100,15,24,True,
101,15,22,True,
102,15,18,True,
103,15,88,True,
104,15,1,False,
105,15,1,False,
106,15,89,False,
107,15,81,False,
108,15,17,True,
109,15,28,True,
110,15,1,False,
111,15,6071,True,
112,15,1,False,
113,15,1,False,
114,15,136,True,
115,15,1,False,
116,15,1,False,
117,15,1,False,
118,15,36,True,
119,15,27,False,
120,15,1,False,
121,15,23,True,
122,15,31,True,
123,15,55,False,
124,15,22,True,
125,15,23,True,
126,15,7081,False,
127,15,1,False,
128,15,1,False,
129,15,1069,True,
130,15,1,False,
131,15,79,False,
132,15,4103,False,
133,15,97,True,
134,15,35,True,
135,15,1,False,
136,15,62,True,
137,15,65,False,
138,15,23,True,
139,15,31,True,
140,15,67,False,
141,15,94,True,
142,15,269,True,
143,15,41,True,
144,15,2240,True,
145,15,4707,False,
146,15,42,True,
147,15,1,False,
148,15,1,False,
149,15,149,False,
150,15,22,True,
151,15,27,False,
152,15,69,False,
153,15,28,True,
154,15,80,True,
155,15,13,False,
156,15,44,True,
157,15,1,False,
158,15,106,True,
159,15,28,True,
160,15,1,False,
161,15,146,True,
162,15,40,True,
163,15,35,False,
164,15,5117,False,
165,15,27,True,
166,15,1,False,
167,15,1,False,
168,15,35,False,
169,15,3149,True,
170,15,173,False,
171,15,77,False,
172,15,1,False,
173,15,1,False,
174,15,42,True,
175,15,24,True,
176,15,7051,False,
177,15,29,False,
178,15,1,False,
179,15,301,False,
180,15,1,False,
181,15,29,True,
182,15,1,False,
183,15,55,True,
184,15,2673,False,
185,15,4411,True,
186,15,23,True,
187,15,45,False,
188,15,1,False,
189,15,19,True,
190,15,1,False,
191,15,1,False,
192,15,1,False,
193,15,24,True,
194,15,1,False,
195,15,1,False,
196,15,1457,True,
197,15,381,False,
198,15,41,True,
199,15,24,True,
200,15,51,True,
201,15,29,True,
202,15,167,False,
203,15,19,True,
204,15,1,False,
205,15,24,True,
206,15,274,True,
207,15,1,False,
208,15,1,False,
209,15,21,False,
210,15,27,False,
211,15,27,True,
212,15,26,True,
213,15,2325,True,
214,15,22,True,
215,15,1,False,
216,15,6631,False,
217,15,23,False,
218,15,145,False,
219,15,1,False,
220,15,12325,True,
221,15,1,False,
222,15,213,True,
223,15,1,False,
224,15,42,True,
225,15,1,False,
226,15,1,False,
227,15,1,False,
228,15,26,True,
229,15,35,True,
230,15,37,False,
231,15,36,True,
232,15,24,True,
233,15,1,False,
234,15,1128,True,
235,15,25,True,
236,15,1,False,
237,15,32,True,
238,15,853,True,
239,15,31,False,
240,15,27,True,
241,15,45,False,
242,15,41,False,
243,15,8405,False,
244,15,1,False,
245,15,18,True,
246,15,1,False,
247,15,431,False,
248,15,1,False,
249,15,25,True,
250,15,22,True,
251,15,1,False,
252,15,26,True,
253,15,1,False,
254,15,515,False,
255,15,1,False,
256,15,1,False,
257,15,85,True,
258,15,18,True,
259,15,26,True,
260,15,501,False,
261,15,17485,False,
262,15,23,False,
263,15,1,False,
264,15,531,False,
265,15,1289,False,
266,15,1,False,
267,15,731,False,
268,15,212,True,
269,15,1,False,
270,15,1,False,
271,15,33,True,
272,15,69,True,
273,15,85,True,
274,15,42,True,
275,15,342,True,
276,15,1,False,
277,15,19,True,
278,15,1,False,
279,15,1,False,
280,15,22,True,
281,15,1,False,
282,15,1,False,
283,15,133,True,
284,15,12281,False,
285,15,988,True,
286,15,8135,False,
287,15,1,False,
288,15,1,False,
289,15,5924,True,
290,15,1,False,
291,15,29,True,
292,15,1,False,
293,15,1,False,
294,15,1,False,
295,15,176,True,
296,15,55,True,
297,15,79,True,
298,15,17,True,
299,15,18,True,
300,15,833,True,
301,15,120,True,
302,15,61,True,
303,15,31,True,
304,15,111,True,
305,15,1,False,
306,15,19,True,
307,15,35,True,
308,15,1,False,
309,15,24,True,
310,15,65,False,
311,15,23,True,
312,15,1,False,
313,15,65,False,
314,15,1,False,
315,15,25,True,
316,15,29,True,
317,15,166,True,
318,15,47,True,
319,15,335,False,
320,15,27,True,
321,15,37,True,
322,15,1,False,
323,15,3285,False,
324,15,440,True,
325,15,1,False,
326,15,2104,True,
327,15,15201,False,
328,15,1,False,
329,15,1,False,
330,15,198,True,
331,15,1,False,
332,15,406,True,
333,15,21,True,
334,15,28,True,
335,15,1,False,
336,15,26,True,
337,15,10291,False,
338,15,19,True,
339,15,628,True,
340,15,1517,False,
341,15,53,True,
342,15,243,True,
343,15,1,False,
344,15,23,True,
345,15,139,True,
346,15,1,False,
347,15,23,True,
348,15,1,False,
349,15,48,True,
350,15,46,True,
351,15,1,False,
352,15,25,True,
353,15,40,True,
354,15,1,False,
355,15,26,True,
356,15,876,True,
357,15,37,False,
358,15,527,False,
359,15,23,True,
360,15,123,True,
361,15,21,True,
362,15,1,False,
363,15,1,False,
364,15,29,True,
365,15,44,True,
366,15,603,True,
367,15,97,False,
368,15,1,False,
369,15,20,True,
370,15,1,False,
371,15,109,False,
372,15,148,True,
373,15,11,False,
374,15,2541,False,
375,15,203,True,
376,15,44,True,
377,15,28,True,
378,15,242,True,
379,15,18,True,
380,15,1405,True,
381,15,25,True,
382,15,1,False,
383,15,1,False,
384,15,1,False,
385,15,135,False,
386,15,7312,True,
387,15,20,True,
388,15,47,True,
389,15,26,True,
390,15,41,True,
391,15,650,True,
392,15,20,True,
393,15,17,True,
394,15,5683,False,
395,15,1,False,
396,15,1,False,
397,15,128,True,
398,15,237,True,
399,15,19,True,
400,15,1,False,
401,15,2774,True,
402,15,1,False,
403,15,23,False,
404,15,109,True,
405,15,1,False,
406,15,21,True,
407,15,22,True,
408,15,28,True,
409,15,404,True,
410,15,1,False,
411,15,78,True,
412,15,1,False,
413,15,19,True,
414,15,87,True,
415,15,1383,False,
416,15,1933,True,
417,15,26,True,
418,15,1,False,
419,15,435,True,
420,15,1,False,
421,15,19,True,
422,15,1,False,
423,15,711,False,
424,15,21,True,
425,15,1313,True,
426,15,28,True,
427,15,1,False,
428,15,28,True,
429,15,1,False,
430,15,74,True,
431,15,21,True,
432,15,83,True,
433,15,35,True,
434,15,1,False,
435,15,1,False,
436,15,29,True,
437,15,18,True,
438,15,1,False,
439,15,231,True,
440,15,90,True,
441,15,21,True,
442,15,26,True,
443,15,1,False,
444,15,839,False,
445,15,1,False,
446,15,138,True,
447,15,31,False,
448,15,24,True,
449,15,28,True,
450,15,17,True,
451,15,2243,False,
452,15,1,False,
453,15,1,False,
454,15,29,True,
455,15,159,True,
456,15,1,False,
457,15,20,True,
458,15,28,True,
459,15,27,True,
460,15,25,True,
461,15,21,False,
462,15,19,True,
463,15,36,True,
464,15,1,False,
465,15,26,True,
466,15,93,True,
467,15,30,True,
468,15,39,False,
469,15,53,False,
470,15,1,False,
471,15,1,False,
472,15,17,True,
473,15,27,True,
474,15,1,False,
475,15,2787,True,
476,15,1,False,
477,15,610,True,
478,15,27,True,
479,15,27,True,
480,15,1,False,
481,15,38,True,
482,15,1,False,
483,15,48,True,
484,15,1,False,
485,15,26,True,
486,15,30,True,
487,15,1826,True,
488,15,1,False,
489,15,30,True,
490,15,23,True,
491,15,1,False,
492,15,103,False,
493,15,25,True,
494,15,26,True,
495,15,1,False,
496,15,9481,False,
497,15,1435,True,
498,15,29,True,
499,15,27,True,
500,15,1,False,
1,20,34,True,
2,20,37,True,
3,20,29,True,
4,20,23103,True,
5,20,31,False,
6,20,33,True,
7,20,1,False,
8,20,1,False,
9,20,46,True,
10,20,22,True,
11,20,203,True,
12,20,28,True,
13,20,2243,False,
14,20,35,True,
15,20,1,False,
16,20,70,True,
17,20,32,True,
18,20,1,False,
19,20,1,False,
20,20,6081,True,
21,20,153,True,
22,20,1,False,
23,20,1,False,
24,20,1,False,
25,20,1,False,
26,20,1,False,
27,20,29,True,
28,20,39,True,
29,20,34,True,
30,20,257,False,
31,20,1,False,
32,20,825459,False,
33,20,1,False,
34,20,330223,True,
35,20,1,False,
36,20,96,True,
37,20,99832,True,
38,20,1,False,
39,20,38,True,
40,20,642,True,
41,20,1,False,
42,20,35,True,
43,20,1,False,
44,20,1,False,
45,20,75585,False,
46,20,1049,True,
47,20,1,False,
48,20,25,True,
49,20,555,False,
50,20,1,False,
51,20,643,False,
52,20,699,True,
53,20,26,True,
54,20,34,True,
55,20,1,False,
56,20,1,False,
57,20,37,True,
58,20,1,False,
59,20,1,False,
60,20,27,True,
61,20,29,True,
62,20,1,False,
63,20,1,False,
64,20,8059,False,
65,20,417,False,
66,20,48,True,
67,20,1,False,
68,20,29,True,
69,20,1,False,
70,20,27,False,
71,20,27,True,
72,20,260,True,
73,20,28,True,
74,20,1,False,
75,20,29,False,
76,20,27,True,
77,20,1,False,
78,20,1747,False,
79,20,27,True,
80,20,27,True,
81,20,1,False,
82,20,67,True,
83,20,38,True,
84,20,529,False,
85,20,1,False,
86,20,1,False,
87,20,169,False,
88,20,1,False,
89,20,1,False,
90,20,27,True,
91,20,270649,False,
92,20,1,False,
93,20,207,False,
94,20,347,False,
95,20,23,True,
96,20,35,True,
97,20,1,False,
98,20,100546,True,
99,20,1,False,
100,20,37,True,
101,20,635,True,
102,20,37,True,
103,20,27,True,
104,20,1,False,
105,20,173,False,
106,20,1,False,
107,20,89,False,
108,20,51,True,
109,20,37,True,
110,20,1,False,
111,20,2096,True,
112,20,411,False,
113,20,1,False,
114,20,68974,True,
115,20,1,False,
116,20,1,False,
117,20,583,False,
118,20,39,True,
119,20,51,False,
120,20,1,False,
121,20,40,True,
122,20,86173,True,
123,20,1,False,
124,20,37,True,
125,20,54,True,
126,20,1,False,
127,20,1,False,
128,20,189,False,
129,20,27225,True,
130,20,1,False,
131,20,1,False,
132,20,11139,False,
133,20,22,True,
134,20,34,True,
135,20,1,False,
136,20,1361,True,
137,20,1,False,
138,20,43,True,
139,20,26,True,
140,20,249,False,
141,20,40,True,
142,20,288,True,
143,20,27,True,
144,20,1757,True,
145,20,1,False,
146,20,93,True,
147,20,141,False,
148,20,1,False,
149,20,1,False,
150,20,36,True,
151,20,1,False,
152,20,33,False,
153,20,38,True,
154,20,30,True,
155,20,1,False,
156,20,214,True,
157,20,1,False,
158,20,67,True,
159,20,25,True,
160,20,1,False,
161,20,1463,True,
162,20,28,True,
163,20,1,False,
164,20,1079,False,
165,20,174,True,
166,20,1,False,
167,20,1,False,
168,20,267715,False,
169,20,867,True,
170,20,1791,False,
171,20,1,False,
172,20,1,False,
173,20,1,False,
174,20,35,True,
175,20,29,True,
176,20,73195,False,
177,20,77,False,
178,20,43,False,
179,20,699,False,
180,20,225,False,
181,20,36,True,
182,20,1,False,
183,20,104,True,
184,20,1,False,
185,20,369968,True,
186,20,34,True,
187,20,201,False,
188,20,1,False,
189,20,26,True,
190,20,1,False,
191,20,81,False,
192,20,1,False,
193,20,35,True,
194,20,1,False,
195,20,1,False,
196,20,29,True,
197,20,1,False,
198,20,35,True,
199,20,80,True,
200,20,344,True,
201,20,35,True,
202,20,605,False,
203,20,38,True,
204,20,57,False,
205,20,92,True,
206,20,26,True,
207,20,1,False,
208,20,9,False,
209,20,1,False,
210,20,1,False,
211,20,32,True,
212,20,32,True,
213,20,26,True,
214,20,33,True,
215,20,1,False,
216,20,30737,False,
217,20,1,False,
218,20,4457,False,
219,20,1,False,
220,20,7219,True,
221,20,77,False,
222,20,25,True,
223,20,257,False,
224,20,36,True,
225,20,1,False,
226,20,77,False,
227,20,1299,False,
228,20,31,True,
229,20,9005,True,
230,20,1,False,
231,20,206,True,
232,20,24,True,
233,20,1,False,
234,20,3662,True,
235,20,56,True,
236,20,1,False,
237,20,48,True,
238,20,65262,True,
239,20,1,False,
240,20,25,True,
241,20,1,False,
242,20,39,False,
243,20,91371,False,
244,20,1,False,
245,20,33,True,
246,20,1,False,
247,20,1,False,
248,20,1,False,
249,20,211,True,
250,20,37,True,
251,20,321,False,
252,20,37,True,
253,20,1,False,
254,20,3261,False,
255,20,1,False,
256,20,8591,False,
257,20,25,True,
258,20,2194,True,
259,20,34,True,
260,20,178115,False,
261,20,2873,False,
262,20,17,False,
263,20,1,False,
264,20,1,False,
265,20,3323,False,
266,20,217,False,
267,20,1,False,
268,20,37,True,
269,20,1,False,
270,20,1,False,
271,20,40211,True,
272,20,504,True,
273,20,40,True,
274,20,23,True,
275,20,56,True,
276,20,1,False,
277,20,23,True,
278,20,1,False,
279,20,1,False,
280,20,24,True,
281,20,1,False,
282,20,943,False,
283,20,32,True,
284,20,121105,False,
285,20,507,True,
286,20,308635,False,
287,20,1,False,
288,20,39,False,
289,20,52621,True,
290,20,1,False,
291,20,26,True,
292,20,1,False,
293,20,1,False,
294,20,42443,False,
295,20,3645,True,
296,20,38,True,
297,20,30,True,
298,20,33,True,
299,20,23,True,
300,20,11800,True,
301,20,93,True,
302,20,111653,True,
303,20,1,False,
304,20,146,True,
305,20,1,False,
306,20,303,True,
307,20,26,True,
308,20,1,False,
309,20,36,True,
310,20,1,False,
311,20,80,True,
312,20,2231,False,
313,20,1,False,
314,20,263,False,
315,20,27,True,
316,20,40,True,
317,20,40,True,
318,20,107,True,
319,20,1,False,
320,20,36,True,
321,20,29,True,
322,20,521,False,
323,20,801595,False,
324,20,98,True,
325,20,1,False,
326,20,23,True,
327,20,1,False,
328,20,1,False,
329,20,1,False,
330,20,33015,True,
331,20,1,False,
332,20,25,True,
333,20,39,True,
334,20,23,True,
335,20,1,False,
336,20,63,True,
337,20,153361,False,
338,20,354,True,
339,20,1444,True,
340,20,1,False,
341,20,32,True,
342,20,2536,True,
343,20,1,False,
344,20,37,True,
345,20,29,True,
346,20,60349,False,
347,20,30,True,
348,20,1,False,
349,20,646,True,
350,20,9280,True,
351,20,37,False,
352,20,36,True,
353,20,33,True,
354,20,1,False,
355,20,105,True,
356,20,172573,True,
357,20,1,False,
358,20,91,False,
359,20,30,True,
360,20,12043,True,
361,20,27,True,
362,20,1,False,
363,20,1,False,
364,20,1749,True,
365,20,17491,True,
366,20,187643,True,
367,20,1,False,
368,20,1,False,
369,20,28,True,
370,20,41,False,
371,20,1,False,
372,20,1610,True,
373,20,1,False,
374,20,10839,False,
375,20,60156,True,
376,20,33,True,
377,20,25,True,
378,20,150,True,
379,20,47,True,
380,20,824,True,
381,20,49,True,
382,20,1,False,
383,20,85,False,
384,20,1,False,
385,20,1,False,
386,20,40,True,
387,20,26,True,
388,20,97,True,
389,20,40,True,
390,20,26,True,
391,20,532,True,
392,20,28,True,
393,20,38,True,
394,20,991037,False,
395,20,1,False,
396,20,1,False,
397,20,28,True,
398,20,52058,True,
399,20,3259,True,
400,20,1,False,
401,20,47510,True,
402,20,193,False,
403,20,1,False,
404,20,24,True,
405,20,1,False,
406,20,35,True,
407,20,24,True,
408,20,38,True,
409,20,26,True,
410,20,1,False,
411,20,276,True,
412,20,213299,False,
413,20,37,True,
414,20,31,True,
415,20,1,False,
416,20,6671,True,
417,20,33,True,
418,20,1,False,
419,20,2472,True,
420,20,1,False,
421,20,6850,True,
422,20,1,False,
423,20,1591,False,
424,20,7557,True,
425,20,242772,True,
426,20,38,True,
427,20,115,False,
428,20,33,True,
429,20,1,False,
430,20,27,True,
431,20,108,True,
432,20,26,True,
433,20,1692,True,
434,20,1,False,
435,20,1,False,
436,20,81,True,
437,20,35,True,
438,20,1,False,
439,20,231,True,
440,20,1801,True,
441,20,34,True,
442,20,29,True,
443,20,1,False,
444,20,143039,False,
445,20,535,False,
446,20,4489,True,
447,20,1,False,
448,20,33,True,
449,20,32,True,
450,20,34,True,
451,20,50043,False,
452,20,1,False,
453,20,1,False,
454,20,33,True,
455,20,211,True,
456,20,1,False,
457,20,40,True,
458,20,37,True,
459,20,24,True,
460,20,1030,True,
461,20,1,False,
462,20,24,True,
463,20,41,True,
464,20,375953,False,
465,20,38,True,
466,20,641,True,
467,20,29,True,
468,20,1,False,
469,20,1,False,
470,20,63,False,
471,20,1,False,
472,20,32,True,
473,20,34,True,
474,20,109,False,
475,20,1829,True,
476,20,1,False,
477,20,40,True,
478,20,39,True,
479,20,27,True,
480,20,1,False,
481,20,34,True,
482,20,1,False,
483,20,272,True,
484,20,1,False,
485,20,31,True,
486,20,53,True,
487,20,836,True,
488,20,1,False,
489,20,183,True,
490,20,204,True,
491,20,1,False,
492,20,1,False,
493,20,36,True,
494,20,41,True,
495,20,1,False,
496,20,109,False,
497,20,50,True,
498,20,23,True,
499,20,25,True,
500,20,219131,False,
1,22,38,True,
2,22,42,True,
3,22,35,True,
4,22,15888,True,
5,22,1,False,
6,22,31,True,
7,22,7367,False,
8,22,1,False,
9,22,33,True,
10,22,39,True,
11,22,29,True,
12,22,57,True,
13,22,1,False,
14,22,32,True,
15,22,1,False,
16,22,175,True,
17,22,34,True,
18,22,840223,False,
19,22,1,False,
20,22,44,True,
21,22,801,True,
22,22,167,False,
23,22,1,False,
24,22,6997,False,
25,22,1,False,
26,22,1,False,
27,22,27,True,
28,22,29,True,
29,22,43,True,
30,22,1,False,
31,22,266861,False,
32,22,2307377,False,
33,22,2193,False,
34,22,25164,True,
35,22,1,False,
36,22,32,True,
37,22,518,True,
38,22,1,False,
39,22,34,True,
40,22,54705,True,
41,22,159177,False,
42,22,90,True,
43,22,193,False,
44,22,1,False,
45,22,2505797,False,
46,22,403,True,
47,22,1,False,
48,22,43,True,
49,22,14725,False,
50,22,1,False,
51,22,43,False,
52,22,16206,True,
53,22,36,True,
54,22,39,True,
55,22,1,False,
56,22,1,False,
57,22,31,True,
58,22,300731,False,
59,22,1539921,False,
60,22,63,True,
61,22,34,True,
62,22,8853,False,
63,22,1,False,
64,22,1,False,
65,22,1,False,
66,22,34,True,
67,22,1,False,
68,22,38,True,
69,22,1,False,
70,22,1119,False,
71,22,37,True,
72,22,5720,True,
73,22,53,True,
74,22,15811,False,
75,22,33,False,
76,22,49,True,
77,22,1,False,
78,22,1,False,
79,22,44,True,
80,22,64,True,
81,22,2091,False,
82,22,64,True,
83,22,165,True,
84,22,1,False,
85,22,1,False,
86,22,1,False,
87,22,1,False,
88,22,1,False,
89,22,1,False,
90,22,80,True,
91,22,1,False,
92,22,1,False,
93,22,386453,False,
94,22,1,False,
95,22,27,True,
96,22,33,True,
97,22,57,False,
98,22,95606,True,
99,22,220463,False,
100,22,28,True,
101,22,7565,True,
102,22,44,True,
103,22,293,True,
104,22,1,False,
105,22,10009,False,
106,22,1,False,
107,22,1,False,
108,22,32,True,
109,22,41,True,
110,22,1,False,
111,22,44238,True,
112,22,1,False,
113,22,1,False,
114,22,10214,True,
115,22,1,False,
116,22,1,False,
117,22,927,False,
118,22,799,True,
119,22,1,False,
120,22,1,False,
121,22,43,True,
122,22,90032,True,
123,22,1,False,
124,22,34,True,
125,22,34,True,
126,22,29923,False,
127,22,1689,False,
128,22,1,False,
129,22,57,True,
130,22,1,False,
131,22,153,False,
132,22,400123,False,
133,22,2324,True,
134,22,91,True,
135,22,1,False,
136,22,99,True,
137,22,1,False,
138,22,31,True,
139,22,29,True,
140,22,1,False,
141,22,41,True,
142,22,1114,True,
143,22,32,True,
144,22,58,True,
145,22,1,False,
146,22,65,True,
147,22,1,False,
148,22,1,False,
149,22,215,False,
150,22,35,True,
151,22,1,False,
152,22,361,False,
153,22,27,True,
154,22,30,True,
155,22,1,False,
156,22,42,True,
157,22,49,False,
158,22,39,True,
159,22,33,True,
160,22,2227,False,
161,22,4942,True,
162,22,65,True,
163,22,125,False,
164,22,1005,False,
165,22,48,True,
166,22,1,False,
167,22,271,False,
168,22,1497,False,
169,22,258,True,
170,22,375,False,
171,22,15413,False,
172,22,1,False,
173,22,1,False,
174,22,128,True,
175,22,29,True,
176,22,5953,False,
177,22,1,False,
178,22,1,False,
179,22,315,False,
180,22,1,False,
181,22,35,True,
182,22,49,False,
183,22,141,True,
184,22,1,False,
185,22,480384,True,
186,22,26,True,
187,22,87,False,
188,22,1,False,
189,22,26,True,
190,22,15,False,
191,22,1,False,
192,22,1,False,
193,22,43,True,
194,22,1,False,
195,22,3103,False,
196,22,32188,True,
197,22,872283,False,
198,22,30,True,
199,22,983,True,
200,22,25,True,
201,22,24,True,
202,22,45,False,
203,22,26,True,
204,22,1,False,
205,22,31,True,
206,22,296,True,
207,22,1,False,
208,22,1,False,
209,22,1,False,
210,22,193615,False,
211,22,27,True,
212,22,30,True,
213,22,270179,True,
214,22,34,True,
215,22,1,False,
216,22,145,False,
217,22,1,False,
218,22,8993,False,
219,22,1,False,
220,22,69819,True,
221,22,1,False,
222,22,1533,True,
223,22,1,False,
224,22,29,True,
225,22,1,False,
226,22,1,False,
227,22,1,False,
228,22,41,True,
229,22,49078,True,
230,22,39,False,
231,22,28,True,
232,22,37,True,
233,22,376343,False,
234,22,36,True,
235,22,197,True,
236,22,1,False,
237,22,303,True,
238,22,43260,True,
239,22,1,False,
240,22,34,True,
241,22,1,False,
242,22,167,False,
243,22,1,False,
244,22,1,False,
245,22,40,True,
246,22,1,False,
247,22,811,False,
248,22,1,False,
249,22,378,True,
250,22,24,True,
251,22,419,False,
252,22,31,True,
253,22,7753,False,
254,22,1,False,
255,22,839,False,
256,22,1,False,
257,22,42,True,
258,22,2190,True,
259,22,38,True,
260,22,289,False,
261,22,20211,False,
262,22,411,False,
263,22,1,False,
264,22,1,False,
265,22,47145,False,
266,22,1,False,
267,22,2513,False,
268,22,47,True,
269,22,1,False,
270,22,1,False,
271,22,88,True,
272,22,247,True,
273,22,80095,True,
274,22,1198,True,
275,22,75,True,
276,22,1,False,
277,22,35,True,
278,22,27785,False,
279,22,1,False,
280,22,39,True,
281,22,1,False,
282,22,1,False,
283,22,25,True,
284,22,1097089,False,
285,22,5360,True,
286,22,51,False,
287,22,1,False,
288,22,53,False,
289,22,307798,True,
290,22,1,False,
291,22,77,True,
292,22,1,False,
293,22,301,False,
294,22,1,False,
295,22,44,True,
296,22,32,True,
297,22,34,True,
298,22,102,True,
299,22,29,True,
300,22,26,True,
301,22,521,True,
302,22,110541,True,
303,22,1,False,
304,22,33,True,
305,22,43,False,
306,22,123,True,
307,22,33,True,
308,22,75,False,
309,22,33,True,
310,22,1,False,
311,22,309,True,
312,22,1,False,
313,22,1,False,
314,22,1,False,
315,22,109,True,
316,22,37,True,
317,22,189,True,
318,22,42,True,
319,22,513,False,
320,22,32,True,
321,22,41,True,
322,22,1291,False,
323,22,65031,False,
324,22,35,True,
325,22,1,False,
326,22,3287,True,
327,22,39,False,
328,22,1,False,
329,22,1,False,
330,22,202704,True,
331,22,1,False,
332,22,30,True,
333,22,33,True,
334,22,33,True,
335,22,121,False,
336,22,44,True,
337,22,71,False,
338,22,59,True,
339,22,2079,True,
340,22,426321,False,
341,22,26,True,
342,22,131,True,
343,22,1,False,
344,22,74,True,
345,22,527,True,
346,22,1325987,False,
347,22,64,True,
348,22,59,False,
349,22,55,True,
350,22,13947,True,
351,22,123,False,
352,22,39,True,
353,22,40,True,
354,22,1,False,
355,22,185,True,
356,22,1190118,True,
357,22,1,False,
358,22,1,False,
359,22,40,True,
360,22,163,True,
361,22,24,True,
362,22,605,False,
363,22,73,False,
364,22,3507,True,
365,22,24,True,
366,22,484142,True,
367,22,27,False,
368,22,207,False,
369,22,38,True,
370,22,1,False,
371,22,1,False,
372,22,115,True,
373,22,1,False,
374,22,172797,False,
375,22,5140,True,
376,22,36,True,
377,22,37,True,
378,22,450,True,
379,22,28,True,
380,22,14104,True,
381,22,102,True,
382,22,1,False,
383,22,1,False,
384,22,89,False,
385,22,925,False,
386,22,331421,True,
387,22,25,True,
388,22,41,True,
389,22,41,True,
390,22,94,True,
391,22,1496,True,
392,22,36,True,
393,22,34,True,
394,22,674387,False,
395,22,1,False,
396,22,1,False,
397,22,523,True,
398,22,43,True,
399,22,9205,True,
400,22,553,False,
401,22,44,True,
402,22,1,False,
403,22,1,False,
404,22,171,True,
405,22,83,False,
406,22,33,True,
407,22,34,True,
408,22,34,True,
409,22,94940,True,
410,22,1,False,
411,22,173,True,
412,22,1,False,
413,22,41,True,
414,22,36,True,
415,22,54139,False,
416,22,20976,True,
417,22,28,True,
418,22,1,False,
419,22,27,True,
420,22,75,False,
421,22,784,True,
422,22,1,False,
423,22,623379,False,
424,22,84,True,
425,22,818009,True,
426,22,42,True,
427,22,2825,False,
428,22,26,True,
429,22,1,False,
430,22,32,True,
431,22,372,True,
432,22,987,True,
433,22,1410,True,
434,22,1321,False,
435,22,693,False,
436,22,8805,True,
437,22,173,True,
438,22,1,False,
439,22,5087,True,
440,22,73,True,
441,22,41,True,
442,22,28,True,
443,22,1,False,
444,22,683,False,
445,22,11439,False,
446,22,97,True,
447,22,1,False,
448,22,28,True,
449,22,33,True,
450,22,26,True,
451,22,14295,False,
452,22,1,False,
453,22,1,False,
454,22,44,True,
455,22,41,True,
456,22,45,False,
457,22,40,True,
458,22,40,True,
459,22,32,True,
460,22,33,True,
461,22,1,False,
462,22,123,True,
463,22,40,True,
464,22,1,False,
465,22,40,True,
466,22,169,True,
467,22,28,True,
468,22,1,False,
469,22,361,False,
470,22,1,False,
471,22,135,False,
472,22,586,True,
473,22,37,True,
474,22,1,False,
475,22,26,True,
476,22,1,False,
477,22,124,True,
478,22,38,True,
479,22,42,True,
480,22,1,False,
481,22,43,True,
482,22,1,False,
483,22,348,True,
484,22,1,False,
485,22,36,True,
486,22,29,True,
487,22,99520,True,
488,22,1,False,
489,22,260,True,
490,22,117,True,
491,22,15,False,
492,22,101,False,
493,22,37,True,
494,22,42,True,
495,22,93,False,
496,22,1,False,
497,22,552872,True,
498,22,43,True,
499,22,137,True,
500,22,2903,False,
1,25,43,True,
2,25,50,True,
3,25,70,True,
4,25,74965,True,
5,25,1,False,
6,25,44,True,
7,25,1,False,
8,25,1301,False,
9,25,50,True,
10,25,35,True,
11,25,30,True,
12,25,36,True,
13,25,1,False,
14,25,39,True,
15,25,1,False,
16,25,49,True,
17,25,48,True,
18,25,241939,False,
19,25,1,False,
20,25,186154,True,
21,25,148,True,
22,25,1,False,
23,25,21,False,
24,25,1,False,
25,25,1,False,
26,25,2985,False,
27,25,46,True,
28,25,88,True,
29,25,48,True,
30,25,1,False,
31,25,1,False,
32,25,8765531,False,
33,25,1,False,
34,25,1656435,True,
35,25,1,False,
36,25,121,True,
37,25,923540,True,
38,25,8333,False,
39,25,46,True,
40,25,21483,True,
41,25,2199,False,
42,25,39,True,
43,25,1,False,
44,25,1,False,
45,25,49,False,
46,25,31,True,
47,25,1,False,
48,25,45,True,
49,25,1,False,
50,25,65,False,
51,25,1,False,
52,25,43677,True,
53,25,32,True,
54,25,46,True,
55,25,1,False,
56,25,335,False,
57,25,34,True,
58,25,34753,False,
59,25,10747103,False,
60,25,7068,True,
61,25,32,True,
62,25,1,False,
63,25,1,False,
64,25,3149,False,
65,25,1,False,
66,25,37,True,
67,25,1,False,
68,25,28,True,
69,25,1,False,
70,25,1,False,
71,25,46,True,
72,25,617,True,
73,25,245,True,
74,25,1,False,
75,25,1,False,
76,25,43,True,
77,25,1,False,
78,25,9653909,False,
79,25,49,True,
80,25,45,True,
81,25,365,False,
82,25,1756,True,
83,25,1088,True,
84,25,235,False,
85,25,4859777,False,
86,25,1,False,
87,25,1,False,
88,25,1,False,
89,25,1,False,
90,25,103,True,
91,25,485797,False,
92,25,1,False,
93,25,887849,False,
94,25,1,False,
95,25,162,True,
96,25,234,True,
97,25,1,False,
98,25,7007,True,
99,25,509683,False,
100,25,33,True,
101,25,155,True,
102,25,49,True,
103,25,1873,True,
104,25,1,False,
105,25,1,False,
106,25,1,False,
107,25,1,False,
108,25,122,True,
109,25,68,True,
110,25,1,False,
111,25,209,True,
112,25,82479,False,
113,25,1,False,
114,25,1548718,True,
115,25,163,False,
116,25,1,False,
117,25,1,False,
118,25,742,True,
119,25,1,False,
120,25,1,False,
121,25,38,True,
122,25,884367,True,
123,25,1043,False,
124,25,36,True,
125,25,41,True,
126,25,1,False,
127,25,1531,False,
128,25,1,False,
129,25,1641599,True,
130,25,481,False,
131,25,1,False,
132,25,3738409,False,
133,25,1911,True,
134,25,138,True,
135,25,1,False,
136,25,57,True,
137,25,1,False,
138,25,81,True,
139,25,33,True,
140,25,1,False,
141,25,40,True,
142,25,49,True,
143,25,42,True,
144,25,3805552,True,
145,25,1,False,
146,25,319,True,
147,25,6647,False,
148,25,1,False,
149,25,1,False,
150,25,45,True,
151,25,1,False,
152,25,1,False,
153,25,50,True,
154,25,163,True,
155,25,1,False,
156,25,2877,True,
157,25,1,False,
158,25,138,True,
159,25,36,True,
160,25,1,False,
161,25,21063,True,
162,25,257,True,
163,25,1,False,
164,25,213,False,
165,25,93,True,
166,25,233,False,
167,25,1,False,
168,25,828631,False,
169,25,252,True,
170,25,1,False,
171,25,73207,False,
172,25,1,False,
173,25,1,False,
174,25,35,True,
175,25,41,True,
176,25,1,False,
177,25,1,False,
178,25,1,False,
179,25,49,False,
180,25,1,False,
181,25,49,True,
182,25,1,False,
183,25,43,True,
184,25,668069,False,
185,25,257,True,
186,25,31,True,
187,25,289,False,
188,25,1,False,
189,25,42,True,
190,25,1,False,
191,25,1,False,
192,25,1,False,
193,25,44,True,
194,25,1,False,
195,25,1130305,False,
196,25,76443,True,
197,25,1,False,
198,25,63,True,
199,25,200,True,
200,25,70336,True,
201,25,33,True,
202,25,1,False,
203,25,46,True,
204,25,1,False,
205,25,71,True,
206,25,23959,True,
207,25,1,False,
208,25,1,False,
209,25,1,False,
210,25,195129,False,
211,25,28,True,
212,25,128,True,
213,25,425,True,
214,25,29,True,
215,25,103,False,
216,25,3402373,False,
217,25,135,False,
218,25,4445291,False,
219,25,485,False,
220,25,17545500,True,
221,25,1,False,
222,25,15394,True,
223,25,1,False,
224,25,133,True,
225,25,5317,False,
226,25,5737,False,
227,25,1,False,
228,25,48,True,
229,25,7425,True,
230,25,1,False,
231,25,151,True,
232,25,47,True,
233,25,35519,False,
234,25,522838,True,
235,25,35,True,
236,25,1,False,
237,25,845,True,
238,25,11341,True,
239,25,1,False,
240,25,39,True,
241,25,1,False,
242,25,457163,False,
243,25,11649,False,
244,25,1,False,
245,25,66,True,
246,25,1,False,
247,25,44237,False,
248,25,1,False,
249,25,31,True,
250,25,44,True,
251,25,1,False,
252,25,38,True,
253,25,68795,False,
254,25,1,False,
255,25,1,False,
256,25,6295,False,
257,25,37,True,
258,25,2566,True,
259,25,50,True,
260,25,1540491,False,
261,25,17060017,False,
262,25,91,False,
263,25,59,False,
264,25,1,False,
265,25,158027,False,
266,25,1,False,
267,25,1,False,
268,25,80,True,
269,25,1,False,
270,25,1,False,
271,25,3437526,True,
272,25,42,True,
273,25,3203,True,
274,25,2908,True,
275,25,2482,True,
276,25,1,False,
277,25,31,True,
278,25,2398501,False,
279,25,1,False,
280,25,39,True,
281,25,145,False,
282,25,5829,False,
283,25,107,True,
284,25,1,False,
285,25,10693,True,
286,25,13326147,False,
287,25,1,False,
288,25,1,False,
289,25,2007187,True,
290,25,1,False,
291,25,150,True,
292,25,1,False,
293,25,41,False,
294,25,8976871,False,
295,25,227197,True,
296,25,45,True,
297,25,39,True,
298,25,251,True,
299,25,154,True,
300,25,1922574,True,
301,25,225,True,
302,25,7631,True,
303,25,1,False,
304,25,211,True,
305,25,1,False,
306,25,62731,True,
307,25,34,True,
308,25,1,False,
309,25,32,True,
310,25,1,False,
311,25,81,True,
312,25,29531,False,
313,25,1,False,
314,25,1,False,
315,25,38,True,
316,25,42,True,
317,25,453,True,
318,25,69324,True,
319,25,1,False,
320,25,44,True,
321,25,52,True,
322,25,1,False,
323,25,16083293,False,
324,25,39,True,
325,25,491,False,
326,25,48909,True,
327,25,1,False,
328,25,118673,False,
329,25,1,False,
330,25,960184,True,
331,25,1,False,
332,25,32,True,
333,25,47,True,
334,25,37,True,
335,25,247,False,
336,25,42,True,
337,25,937517,False,
338,25,586,True,
339,25,11155,True,
340,25,78487,False,
341,25,97,True,
342,25,1086173,True,
343,25,61911,False,
344,25,44,True,
345,25,473,True,
346,25,202381,False,
347,25,291,True,
348,25,1,False,
349,25,1041,True,
350,25,228573,True,
351,25,1,False,
352,25,46,True,
353,25,38,True,
354,25,401,False,
355,25,46,True,
356,25,141179,True,
357,25,1,False,
358,25,1,False,
359,25,40,True,
360,25,2766304,True,
361,25,47,True,
362,25,755,False,
363,25,1,False,
364,25,1025,True,
365,25,1053339,True,
366,25,11330,True,
367,25,1,False,
368,25,45,False,
369,25,30,True,
370,25,1,False,
371,25,1,False,
372,25,3512,True,
373,25,1,False,
374,25,29265,False,
375,25,50620,True,
376,25,116,True,
377,25,96,True,
378,25,578,True,
379,25,272,True,
380,25,3129,True,
381,25,49,True,
382,25,1,False,
383,25,41,False,
384,25,1,False,
385,25,1,False,
386,25,10150407,True,
387,25,32,True,
388,25,36,True,
389,25,45,True,
390,25,32,True,
391,25,4916,True,
392,25,39,True,
393,25,35,True,
394,25,15794767,False,
395,25,185,False,
396,25,1,False,
397,25,503,True,
398,25,18094962,True,
399,25,149524,True,
400,25,1,False,
401,25,40340,True,
402,25,1,False,
403,25,87467,False,
404,25,27,True,
405,25,1,False,
406,25,37,True,
407,25,58,True,
408,25,45,True,
409,25,498,True,
410,25,1,False,
411,25,67,True,
412,25,312213,False,
413,25,37,True,
414,25,201,True,
415,25,8017,False,
416,25,874,True,
417,25,126,True,
418,25,1,False,
419,25,63187,True,
420,25,1,False,
421,25,304,True,
422,25,1,False,
423,25,102865,False,
424,25,710,True,
425,25,17171599,True,
426,25,47,True,
427,25,5279,False,
428,25,33,True,
429,25,1,False,
430,25,58,True,
431,25,41,True,
432,25,228,True,
433,25,27,True,
434,25,85,False,
435,25,1,False,
436,25,39,True,
437,25,45,True,
438,25,1,False,
439,25,28,True,
440,25,106,True,
441,25,38,True,
442,25,40,True,
443,25,1,False,
444,25,1956495,False,
445,25,341337,False,
446,25,1390,True,
447,25,2487,False,
448,25,95,True,
449,25,39,True,
450,25,88,True,
451,25,4355,False,
452,25,1,False,
453,25,1,False,
454,25,28,True,
455,25,645,True,
456,25,1,False,
457,25,46,True,
458,25,45,True,
459,25,40,True,
460,25,156,True,
461,25,1,False,
462,25,29,True,
463,25,134957,True,
464,25,150499,False,
465,25,48,True,
466,25,295,True,
467,25,51,True,
468,25,1,False,
469,25,41,False,
470,25,1,False,
471,25,1,False,
472,25,67,True,
473,25,40,True,
474,25,293,False,
475,25,49,True,
476,25,51,False,
477,25,31,True,
478,25,184,True,
479,25,41,True,
480,25,1,False,
481,25,38,True,
482,25,1,False,
483,25,33,True,
484,25,546695,False,
485,25,29,True,
486,25,49,True,
487,25,98045,True,
488,25,1,False,
489,25,444,True,
490,25,1168,True,
491,25,53,False,
492,25,1,False,
493,25,39,True,
494,25,42,True,
495,25,151,False,
496,25,1,False,
497,25,8647343,True,
498,25,42,True,
499,25,35,True,
500,25,1,False,
1,27,38,True,
2,27,33,True,
3,27,254,True,
4,27,518806,True,
5,27,11561,False,
6,27,47,True,
7,27,1,False,
8,27,1,False,
9,27,37,True,
10,27,42,True,
11,27,133,True,
12,27,39,True,
13,27,12147791,False,
14,27,43,True,
15,27,1,False,
16,27,46,True,
17,27,45,True,
18,27,9007,False,
19,27,1,False,
20,27,107531,True,
21,27,1005,True,
22,27,1,False,
23,27,731,False,
24,27,9404955,False,
25,27,1,False,
26,27,31078701,False,
27,27,51,True,
28,27,31,True,
29,27,50,True,
30,27,1,False,
31,27,38589619,False,
32,27,9200109,False,
33,27,1,False,
34,27,8489521,True,
35,27,16779,False,
36,27,130,True,
37,27,54,True,
38,27,1,False,
39,27,44,True,
40,27,10125,True,
41,27,50544953,False,
42,27,52,True,
43,27,1,False,
44,27,1,False,
45,27,60164335,False,
46,27,545,True,
47,27,1,False,
48,27,49,True,
49,27,1,False,
50,27,1,False,
51,27,58841883,False,
52,27,10966,True,
53,27,32,True,
54,27,43,True,
55,27,1,False,
56,27,21853,False,
57,27,45,True,
58,27,387379,False,
59,27,23409265,False,
60,27,3374,True,
61,27,48,True,
62,27,1,False,
63,27,1,False,
64,27,1,False,
65,27,1,False,
66,27,40,True,
67,27,147,False,
68,27,46,True,
69,27,1,False,
70,27,1,False,
71,27,48,True,
72,27,110,True,
73,27,36,True,
74,27,914357,False,
75,27,1,False,
76,27,105,True,
77,27,1,False,
78,27,1842549,False,
79,27,38,True,
80,27,196,True,
81,27,1,False,
82,27,3568,True,
83,27,31,True,
84,27,53,False,
85,27,24634105,False,
86,27,1,False,
87,27,93,False,
88,27,1,False,
89,27,1,False,
90,27,49,True,
91,27,849,False,
92,27,1,False,
93,27,1,False,
94,27,1,False,
95,27,99,True,
96,27,38,True,
97,27,1,False,
98,27,1655634,True,
99,27,18237,False,
100,27,53,True,
101,27,247,True,
102,27,48,True,
103,27,41,True,
104,27,1,False,
105,27,1,False,
106,27,1,False,
107,27,1,False,
108,27,1538,True,
109,27,41,True,
110,27,1,False,
111,27,5295003,True,
112,27,1,False,
113,27,1,False,
114,27,140035,True,
115,27,59,False,
116,27,1,False,
117,27,1,False,
118,27,48,True,
119,27,1,False,
120,27,1,False,
121,27,37,True,
122,27,202,True,
123,27,989,False,
124,27,41,True,
125,27,46,True,
126,27,1,False,
127,27,1,False,
128,27,1,False,
129,27,12734,True,
130,27,905,False,
131,27,1,False,
132,27,201797,False,
133,27,225,True,
134,27,43,True,
135,27,1,False,
136,27,8404,True,
137,27,565,False,
138,27,138,True,
139,27,195,True,
140,27,16015,False,
141,27,41,True,
142,27,1690,True,
143,27,39,True,
144,27,17396,True,
145,27,1548163,False,
146,27,2691,True,
147,27,1,False,
148,27,1,False,
149,27,1,False,
150,27,147,True,
151,27,45,False,
152,27,1,False,
153,27,48,True,
154,27,44,True,
155,27,1,False,
156,27,55,True,
157,27,1353,False,
158,27,145,True,
159,27,42,True,
160,27,1,False,
161,27,664,True,
162,27,37,True,
163,27,1,False,
164,27,68214507,False,
165,27,36,True,
166,27,1,False,
167,27,175,False,
168,27,60932743,False,
169,27,11328540,True,
170,27,1585,False,
171,27,1,False,
172,27,1,False,
173,27,49,False,
174,27,102,True,
175,27,93,True,
176,27,1,False,
177,27,1,False,
178,27,1,False,
179,27,1,False,
180,27,383,False,
181,27,44,True,
182,27,1,False,
183,27,51,True,
184,27,1,False,
185,27,16624177,True,
186,27,82,True,
187,27,1,False,
188,27,1,False,
189,27,34,True,
190,27,1,False,
191,27,1,False,
192,27,1,False,
193,27,45,True,
194,27,2261,False,
195,27,42977,False,
196,27,32,True,
197,27,316801,False,
198,27,114,True,
199,27,73,True,
200,27,1706,True,
201,27,51,True,
202,27,592657,False,
203,27,49,True,
204,27,1,False,
205,27,41,True,
206,27,394,True,
207,27,1013,False,
208,27,1,False,
209,27,1,False,
210,27,4313689,False,
211,27,48,True,
212,27,45,True,
213,27,2316,True,
214,27,44,True,
215,27,751,False,
216,27,38191915,False,
217,27,641,False,
218,27,51707,False,
219,27,1,False,
220,27,2401652,True,
221,27,1189,False,
222,27,318472,True,
223,27,3151,False,
224,27,48,True,
225,27,1,False,
226,27,1,False,
227,27,206539,False,
228,27,48,True,
229,27,807684,True,
230,27,1,False,
231,27,54,True,
232,27,85,True,
233,27,57,False,
234,27,99,True,
235,27,83,True,
236,27,1,False,
237,27,35,True,
238,27,26018,True,
239,27,1,False,
240,27,91,True,
241,27,1,False,
242,27,24823,False,
243,27,55341099,False,
244,27,1,False,
245,27,56,True,
246,27,1,False,
247,27,1,False,
248,27,1,False,
249,27,5273,True,
250,27,44,True,
251,27,1,False,
252,27,287,True,
253,27,1,False,
254,27,1,False,
255,27,1,False,
256,27,163,False,
257,27,38,True,
258,27,902,True,
259,27,52,True,
260,27,11400463,False,
261,27,13279,False,
262,27,43,False,
263,27,1,False,
264,27,2609,False,
265,27,1,False,
266,27,1,False,
267,27,1,False,
268,27,376,True,
269,27,91537,False,
270,27,1,False,
271,27,14460565,True,
272,27,1026,True,
273,27,1889943,True,
274,27,35,True,
275,27,38,True,
276,27,67,False,
277,27,63,True,
278,27,1,False,
279,27,1,False,
280,27,51,True,
281,27,1,False,
282,27,55,True,
283,27,222,True,
284,27,1,False,
285,27,38,True,
286,27,114901,False,
287,27,1,False,
288,27,1,False,
289,27,1381286,True,
290,27,595,False,
291,27,48,True,
292,27,1,False,
293,27,1,False,
294,27,1373,False,
295,27,369877,True,
296,27,37,True,
297,27,377,True,
298,27,190,True,
299,27,34563,True,
300,27,23810,True,
301,27,35,True,
302,27,51677,True,
303,27,109,False,
304,27,43,True,
305,27,1,False,
306,27,436171,True,
307,27,1866,True,
308,27,71,False,
309,27,43,True,
310,27,1,False,
311,27,5003,True,
312,27,1,False,
313,27,1,False,
314,27,1,False,
315,27,57,True,
316,27,46,True,
317,27,9206,True,
318,27,2834,True,
319,27,1,False,
320,27,53,True,
321,27,50,True,
322,27,1,False,
323,27,1,False,
324,27,673,True,
325,27,1,False,
326,27,1643,True,
327,27,899,False,
328,27,31061565,False,
329,27,45,False,
330,27,840427,True,
331,27,109,False,
332,27,12869,True,
333,27,41,True,
334,27,50,True,
335,27,729,False,
336,27,51,True,
337,27,1,False,
338,27,9521,True,
339,27,1953,True,
340,27,4973,False,
341,27,38,True,
342,27,2654189,True,
343,27,1,False,
344,27,124,True,
345,27,185,True,
346,27,1,False,
347,27,37,True,
348,27,1,False,
349,27,36,True,
350,27,6507778,True,
351,27,1,False,
352,27,43,True,
353,27,39,True,
354,27,1,False,
355,27,39,True,
356,27,3940082,True,
357,27,1,False,
358,27,6959,False,
359,27,48,True,
360,27,33386713,True,
361,27,50,True,
362,27,1,False,
363,27,1,False,
364,27,449032,True,
365,27,448057,True,
366,27,68815,True,
367,27,1,False,
368,27,1,False,
369,27,94,True,
370,27,45,False,
371,27,1,False,
372,27,114,True,
373,27,1,False,
374,27,1,False,
375,27,567185,True,
376,27,74,True,
377,27,45,True,
378,27,1524,True,
379,27,130,True,
380,27,1295,True,
381,27,50,True,
382,27,1,False,
383,27,1,False,
384,27,1,False,
385,27,33825,False,
386,27,886,True,
387,27,3821,True,
388,27,43,True,
389,27,50,True,
390,27,35,True,
391,27,29,True,
392,27,52,True,
393,27,43,True,
394,27,1,False,
395,27,1,False,
396,27,1,False,
397,27,1942,True,
398,27,36233565,True,
399,27,203030,True,
400,27,1,False,
401,27,26342,True,
402,27,2979,False,
403,27,1,False,
404,27,5158,True,
405,27,21147,False,
406,27,51,True,
407,27,447,True,
408,27,82,True,
409,27,155097,True,
410,27,1,False,
411,27,57,True,
412,27,1,False,
413,27,52,True,
414,27,886,True,
415,27,1,False,
416,27,11759,True,
417,27,234,True,
418,27,1,False,
419,27,52,True,
420,27,1,False,
421,27,64556,True,
422,27,1,False,
423,27,338291,False,
424,27,661003,True,
425,27,50921,True,
426,27,52,True,
427,27,1,False,
428,27,54,True,
429,27,1,False,
430,27,41,True,
431,27,3431,True,
432,27,208,True,
433,27,576,True,
434,27,15701,False,
435,27,1,False,
436,27,1717,True,
437,27,32,True,
438,27,45,False,
439,27,16530,True,
440,27,7909,True,
441,27,51,True,
442,27,41,True,
443,27,1,False,
444,27,2496275,False,
445,27,1,False,
446,27,2288,True,
447,27,633,False,
448,27,34,True,
449,27,50,True,
450,27,341,True,
451,27,1,False,
452,27,1,False,
453,27,1,False,
454,27,53,True,
455,27,89,True,
456,27,1239,False,
457,27,45,True,
458,27,43,True,
459,27,53,True,
460,27,292,True,
461,27,1,False,
462,27,38,True,
463,27,1455,True,
464,27,13627,False,
465,27,40,True,
466,27,43,True,
467,27,33,True,
468,27,1,False,
469,27,511,False,
470,27,1,False,
471,27,91,False,
472,27,805,True,
473,27,34,True,
474,27,1,False,
475,27,1224463,True,
476,27,1,False,
477,27,36,True,
478,27,560,True,
479,27,141,True,
480,27,1,False,
481,27,48,True,
482,27,1,False,
483,27,3030,True,
484,27,1,False,
485,27,33,True,
486,27,257669,True,
487,27,335957,True,
488,27,489,False,
489,27,396,True,
490,27,1372,True,
491,27,1,False,
492,27,277,False,
493,27,36,True,
494,27,37,True,
495,27,1,False,
496,27,2820537,False,
497,27,3972,True,
498,27,48,True,
499,27,79,True,
500,27,48601,False,
1,30,59,True,6765183399
2,30,53,True,
3,30,321,True,
4,30,9092,True,
5,30,1,False,
6,30,53,True,
7,30,1,False,
8,30,1,False,
9,30,58,True,
10,30,61,True,
11,30,760,True,
12,30,988,True,
13,30,55487049,False,
14,30,47,True,
15,30,1,False,
16,30,44,True,
17,30,51,True,
18,30,48052645,False,
19,30,1,False,
20,30,103811,True,
21,30,61,True,
22,30,1,False,
23,30,1,False,
24,30,275075,False,
25,30,309,False,
26,30,3035229,False,
27,30,60,True,
28,30,57,True,
29,30,54,True,
30,30,1,False,
31,30,1,False,
32,30,559425869,False,
33,30,669,False,
34,30,4150307,True,
35,30,1,False,
36,30,56,True,
37,30,4505167,True,
38,30,61,True,
39,30,56,True,
40,30,74,True,
41,30,1,False,
42,30,57,True,
43,30,6913,False,
44,30,1,False,
45,30,424552113,False,
46,30,822,True,
47,30,1,False,
48,30,55,True,
49,30,1785,False,
50,30,1,False,
51,30,1,False,
52,30,508,True,
53,30,49,True,
54,30,47,True,
55,30,17095,False,
56,30,9967,False,
57,30,42,True,
58,30,13023,False,
59,30,423369493,False,
60,30,44017,True,
61,30,37,True,
62,30,61,True,
63,30,1,False,
64,30,1,False,
65,30,4269,False,
66,30,45,True,
67,30,653,False,
68,30,58,True,
69,30,1,False,
70,30,1,False,
71,30,38,True,
72,30,35,True,
73,30,84,True,
74,30,1,False,
75,30,30547,False,
76,30,47,True,
77,30,1,False,
78,30,434768169,False,
79,30,190,True,
80,30,126,True,
81,30,1,False,
82,30,2982,True,
83,30,3711,True,
84,30,363,False,
85,30,142282725,False,
86,30,1,False,
87,30,1587,False,
88,30,1,False,
89,30,1,False,
90,30,96,True,
91,30,433,False,
92,30,8011,False,
93,30,92729,False,
94,30,1,False,
95,30,49,True,
96,30,51,True,
97,30,1,False,
98,30,335024,True,
99,30,1,False,
100,30,44,True,
101,30,2901,True,
102,30,53,True,
103,30,54,True,
104,30,197,False,
105,30,30019,False,
106,30,1121,False,
107,30,10389,False,
108,30,45,True,
109,30,54,True,
110,30,127,False,
111,30,151,True,
112,30,1,False,
113,30,407,False,
114,30,90609,True,
115,30,1,False,
116,30,1,False,
117,30,1,False,
118,30,2976,True,
119,30,12449,False,
120,30,63,False,
121,30,100,True,
122,30,427,True,
123,30,74935,False,
124,30,56,True,
125,30,47,True,
126,30,87205979,False,
127,30,1,False,
128,30,1,False,
129,30,1087620,True,
130,30,63,False,
131,30,1,False,
132,30,208159887,False,
133,30,3818,True,
134,30,51,True,
135,30,11959605,False,
136,30,340,True,
137,30,1,False,
138,30,366,True,
139,30,169,True,
140,30,1,False,
141,30,58,True,
142,30,770,True,
143,30,35,True,
144,30,472908,True,
145,30,3386857,False,
146,30,2218,True,
147,30,35793,False,
148,30,4023,False,
149,30,1,False,
150,30,39,True,
151,30,1,False,
152,30,1,False,
153,30,51,True,
154,30,41,True,
155,30,1,False,
156,30,1731345,True,
157,30,1,False,
158,30,41,True,
159,30,55,True,
160,30,1,False,
161,30,3976,True,
162,30,42,True,
163,30,1,False,
164,30,98516899,False,
165,30,702,True,
166,30,1,False,
167,30,57,False,
168,30,24471731,False,
169,30,15669219,True,
170,30,1,False,
171,30,555,False,
172,30,1,False,
173,30,1,False,
174,30,373,True,
175,30,49,True,
176,30,1,False,
177,30,1,False,
178,30,1,False,
179,30,1,False,
180,30,1,False,
181,30,44,True,
182,30,1,False,
183,30,49,True,
184,30,34345271,False,
185,30,113475441,True,
186,30,56,True,
187,30,2783,False,
188,30,2923,False,
189,30,53,True,
190,30,1,False,
191,30,2901,False,
192,30,1,False,
193,30,52,True,
194,30,1,False,
195,30,1,False,
196,30,1548,True,
197,30,91741,False,
198,30,180,True,
199,30,252,True,
200,30,39128,True,
201,30,43,True,
202,30,1,False,
203,30,58,True,
204,30,4771,False,
205,30,48,True,
206,30,36,True,
207,30,1,False,
208,30,1,False,
209,30,22115,False,
210,30,19086431,False,
211,30,46,True,
212,30,41,True,
213,30,23998272,True,
214,30,139,True,
215,30,1,False,
216,30,1,False,
217,30,1,False,
218,30,1,False,
219,30,7019,False,
220,30,123976371,True,
221,30,1,False,
222,30,514155,True,
223,30,1,False,
224,30,45,True,
225,30,987,False,
226,30,61,False,
227,30,699,False,
228,30,51,True,
229,30,1099,True,
230,30,1,False,
231,30,89,True,
232,30,55,True,
233,30,1,False,
234,30,31874370,True,
235,30,1826,True,
236,30,5871,False,
237,30,2588,True,
238,30,210135,True,
239,30,1,False,
240,30,46,True,
241,30,1,False,
242,30,8857,False,
243,30,213355,False,
244,30,1,False,
245,30,36,True,
246,30,1,False,
247,30,1,False,
248,30,1,False,
249,30,2846,True,
250,30,50,True,
251,30,87303,False,
252,30,45,True,
253,30,40783,False,
254,30,25799855,False,
255,30,1,False,
256,30,1943,False,
257,30,46,True,
258,30,38,True,
259,30,50,True,
260,30,1,False,
261,30,266011145,False,
262,30,1,False,
263,30,1,False,
264,30,31359,False,
265,30,61,False,
266,30,1,False,
267,30,32701,False,
268,30,1930,True,
269,30,63745,False,
270,30,1,False,
271,30,14587603,True,
272,30,1104,True,
273,30,4590951,True,
274,30,389053,True,
275,30,2996,True,
276,30,151,False,
277,30,195,True,
278,30,1917,False,
279,30,1,False,
280,30,51,True,
281,30,1,False,
282,30,26541,False,
283,30,97,True,
284,30,1,False,
285,30,1239,True,
286,30,1,False,
287,30,1,False,
288,30,1,False,
289,30,76,True,
290,30,1,False,
291,30,70,True,
292,30,107,False,
293,30,225,False,
294,30,407291547,False,
295,30,299390,True,
296,30,160,True,
297,30,145,True,
298,30,35,True,
299,30,1947,True,
300,30,420986,True,
301,30,49,True,
302,30,1771579,True,
303,30,1,False,
304,30,269,True,
305,30,81,False,
306,30,3899,True,
307,30,78,True,
308,30,1,False,
309,30,55,True,
310,30,1,False,
311,30,922,True,
312,30,1,False,
313,30,1,False,
314,30,1,False,
315,30,55,True,
316,30,38,True,
317,30,581,True,
318,30,704054,True,
319,30,525,False,
320,30,58,True,
321,30,59,True,
322,30,1,False,
323,30,1031440273,False,
324,30,119,True,
325,30,1,False,
326,30,277,True,
327,30,20961,False,
328,30,62355595,False,
329,30,691,False,
330,30,75483,True,
331,30,1,False,
332,30,3443,True,
333,30,52,True,
334,30,53,True,
335,30,6827,False,
336,30,48,True,
337,30,496175841,False,
338,30,1662,True,
339,30,3043942,True,
340,30,23299399,False,
341,30,33,True,
342,30,1583447,True,
343,30,1,False,
344,30,58,True,
345,30,7258,True,
346,30,131,False,
347,30,35,True,
348,30,1,False,
349,30,160,True,
350,30,16153552,True,
351,30,1,False,
352,30,60,True,
353,30,42,True,
354,30,1,False,
355,30,40,True,
356,30,1494761,True,
357,30,8051,False,
358,30,1,False,
359,30,55,True,
360,30,140219280,True,
361,30,54,True,
362,30,1,False,
363,30,1,False,
364,30,20825,True,
365,30,148125,True,
366,30,39,True,
367,30,1,False,
368,30,1,False,
369,30,56,True,
370,30,1,False,
371,30,1,False,
372,30,35,True,
373,30,1,False,
374,30,1,False,
375,30,42,True,
376,30,46,True,
377,30,123,True,
378,30,227454,True,
379,30,39,True,
380,30,35,True,
381,30,2117,True,
382,30,1,False,
383,30,1,False,
384,30,1,False,
385,30,1,False,
386,30,8788,True,
387,30,1070,True,
388,30,59,True,
389,30,54,True,
390,30,40,True,
391,30,37,True,
392,30,56,True,
393,30,48,True,
394,30,413108805,False,
395,30,1075,False,
396,30,1,False,
397,30,767,True,
398,30,406782581,True,
399,30,4500300,True,
400,30,215,False,
401,30,42595289,True,
402,30,987079,False,
403,30,1,False,
404,30,3912585,True,
405,30,1,False,
406,30,52,True,
407,30,288,True,
408,30,43,True,
409,30,80488794,True,
410,30,59,False,
411,30,6766,True,
412,30,6965,False,
413,30,53,True,
414,30,1450,True,
415,30,215,False,
416,30,1928700,True,
417,30,94,True,
418,30,325,False,
419,30,12222,True,
420,30,1,False,
421,30,57601,True,
422,30,1,False,
423,30,67,False,
424,30,68527060,True,
425,30,15782105,True,
426,30,55,True,
427,30,512057,False,
428,30,46,True,
429,30,1,False,
430,30,59,True,
431,30,5911,True,
432,30,60,True,
433,30,875,True,
434,30,319,False,
435,30,1,False,
436,30,2187,True,
437,30,132,True,
438,30,1,False,
439,30,40,True,
440,30,5735,True,
441,30,60,True,
442,30,49,True,
443,30,1,False,
444,30,1,False,
445,30,32429363,False,
446,30,43,True,
447,30,191,False,
448,30,55,True,
449,30,253,True,
450,30,216,True,
451,30,89263,False,
452,30,1,False,
453,30,1,False,
454,30,55,True,
455,30,482,True,
456,30,463,False,
457,30,50,True,
458,30,82,True,
459,30,48,True,
460,30,37,True,
461,30,1,False,
462,30,881,True,
463,30,1548280,True,
464,30,267208401,False,
465,30,49,True,
466,30,33,True,
467,30,45,True,
468,30,347,False,
469,30,1,False,
470,30,1,False,
471,30,1,False,
472,30,39,True,
473,30,55,True,
474,30,1,False,
475,30,16426704,True,
476,30,1,False,
477,30,31405,True,
478,30,114,True,
479,30,47,True,
480,30,1,False,
481,30,57,True,
482,30,1,False,
483,30,117562,True,
484,30,7735997,False,
485,30,42,True,
486,30,662,True,
487,30,3436,True,
488,30,1,False,
489,30,1045,True,
490,30,1380,True,
491,30,1,False,
492,30,1,False,
493,30,51,True,
494,30,180,True,
495,30,1,False,
496,30,314771,False,
497,30,29804,True,
498,30,46,True,
499,30,105,True,
500,30,107025,False,
