ID,n,Number of steps,Result,,,,,
1,4,12,True,,,,,
2,4,7,True,,,,,
3,4,9,True,,,,,
4,4,8,True,,,,,
5,4,9,False,,,,,
6,4,8,True,,,,,
7,4,11,False,,,,,
8,4,1,False,,,,,
9,4,6,True,,,,,
10,4,8,True,,,,,
11,4,6,True,,,,,
12,4,7,True,,,,,
13,4,15,False,,,,,
14,4,6,True,,,,,
15,4,17,False,,,,,
16,4,11,True,,,,,
17,4,9,True,,,,,
18,4,17,False,,,,,
19,4,1,False,,,,,
20,4,8,True,,,,,
21,4,8,True,,,,,
22,4,11,False,,,,,
23,4,1,False,,,,,
24,4,15,False,,,,,
25,4,1,False,,,,,
26,4,19,False,,,,,
27,4,7,True,,,,,
28,4,8,True,,,,,
29,4,7,True,,,,,
30,4,1,False,,,,,
31,4,11,False,,,,,
32,4,15,False,,,,,
33,4,15,False,,,,,
34,4,7,True,,,,,
35,4,17,False,,,,,
36,4,7,True,,,,,
37,4,9,True,,,,,
38,4,15,False,,,,,
39,4,6,True,,,,,
40,4,7,True,,,,,
41,4,13,False,,,,,
42,4,7,True,,,,,
43,4,13,False,,,,,
44,4,1,False,,,,,
45,4,15,False,,,,,
46,4,7,True,,,,,
47,4,13,False,,,,,
48,4,7,True,,,,,
49,4,9,True,,,,,
50,4,13,False,,,,,
51,4,9,True,,,,,
52,4,6,True,,,,,
53,4,7,True,,,,,
54,4,8,True,,,,,
55,4,1,False,,,,,
56,4,21,False,,,,,
57,4,6,True,,,,,
58,4,13,False,,,,,
59,4,25,False,,,,,
60,4,7,True,,,,,
61,4,9,True,,,,,
62,4,11,False,,,,,
63,4,19,False,,,,,
64,4,1,False,,,,,
65,4,1,False,,,,,
66,4,7,True,,,,,
67,4,1,False,,,,,
68,4,6,True,,,,,
69,4,9,True,,,,,
70,4,1,False,,,,,
71,4,7,True,,,,,
72,4,8,True,,,,,
73,4,11,True,,,,,
74,4,9,True,,,,,
75,4,19,False,,,,,
76,4,7,True,,,,,
77,4,1,False,,,,,
78,4,15,False,,,,,
79,4,6,True,,,,,
80,4,8,True,,,,,
81,4,1,False,,,,,
82,4,6,True,,,,,
83,4,9,True,,,,,
84,4,9,False,,,,,
85,4,15,False,,,,,
86,4,13,False,,,,,
87,4,13,False,,,,,
88,4,15,False,,,,,
89,4,7,False,,,,,
90,4,6,True,,,,,
91,4,1,False,,,,,
92,4,1,False,,,,,
93,4,15,False,,,,,
94,4,1,False,,,,,
95,4,6,True,,,,,
96,4,6,True,,,,,
97,4,1,False,,,,,
98,4,12,True,,,,,
99,4,23,False,,,,,
100,4,8,True,,,,,
101,4,6,True,,,,,
102,4,7,True,,,,,
103,4,8,True,,,,,
104,4,13,False,,,,,
105,4,15,False,,,,,
106,4,9,False,,,,,
107,4,1,False,,,,,
108,4,7,True,,,,,
109,4,6,True,,,,,
110,4,9,False,,,,,
111,4,6,True,,,,,
112,4,9,False,,,,,
113,4,1,False,,,,,
114,4,8,True,,,,,
115,4,1,False,,,,,
116,4,13,False,,,,,
117,4,15,False,,,,,
118,4,9,True,,,,,
119,4,13,False,,,,,
120,4,1,False,,,,,
121,4,6,True,,,,,
122,4,7,True,,,,,
123,4,1,False,,,,,
124,4,8,True,,,,,
125,4,7,True,,,,,
126,4,9,True,,,,,
127,4,13,False,,,,,
128,4,11,False,,,,,
129,4,7,True,,,,,
130,4,1,False,,,,,
131,4,1,False,,,,,
132,4,1,False,,,,,
133,4,7,True,,,,,
134,4,7,True,,,,,
135,4,1,False,,,,,
136,4,7,True,,,,,
137,4,1,False,,,,,
138,4,8,True,,,,,
139,4,8,True,,,,,
140,4,1,False,,,,,
141,4,6,True,,,,,
142,4,6,True,,,,,
143,4,6,True,,,,,
144,4,9,True,,,,,
145,4,9,True,,,,,
146,4,7,True,,,,,
147,4,1,False,,,,,
148,4,1,False,,,,,
149,4,15,False,,,,,
150,4,6,True,,,,,
151,4,1,False,,,,,
152,4,15,False,,,,,
153,4,7,True,,,,,
154,4,7,True,,,,,
155,4,17,False,,,,,
156,4,6,True,,,,,
157,4,19,False,,,,,
158,4,6,True,,,,,
159,4,7,True,,,,,
160,4,1,False,,,,,
161,4,8,True,,,,,
162,4,9,True,,,,,
163,4,1,False,,,,,
164,4,13,False,,,,,
165,4,7,True,,,,,
166,4,11,False,,,,,
167,4,1,False,,,,,
168,4,17,False,,,,,
169,4,6,True,,,,,
170,4,11,False,,,,,
171,4,15,False,,,,,
172,4,1,False,,,,,
173,4,1,False,,,,,
174,4,8,True,,,,,
175,4,7,True,,,,,
176,4,15,False,,,,,
177,4,9,True,,,,,
178,4,1,False,,,,,
179,4,1,False,,,,,
180,4,1,False,,,,,
181,4,6,True,,,,,
182,4,1,False,,,,,
183,4,9,True,,,,,
184,4,1,False,,,,,
185,4,12,True,,,,,
186,4,7,True,,,,,
187,4,1,False,,,,,
188,4,17,False,,,,,
189,4,6,True,,,,,
190,4,1,False,,,,,
191,4,1,False,,,,,
192,4,1,False,,,,,
193,4,6,True,,,,,
194,4,11,False,,,,,
195,4,15,False,,,,,
196,4,7,True,,,,,
197,4,15,False,,,,,
198,4,7,True,,,,,
199,4,7,True,,,,,
200,4,7,True,,,,,
201,4,9,True,,,,,
202,4,11,False,,,,,
203,4,6,True,,,,,
204,4,9,True,,,,,
205,4,14,True,,,,,
206,4,9,True,,,,,
207,4,9,True,,,,,
208,4,15,False,,,,,
209,4,1,False,,,,,
210,4,13,False,,,,,
211,4,7,True,,,,,
212,4,9,True,,,,,
213,4,18,True,,,,,
214,4,6,True,,,,,
215,4,9,True,,,,,
216,4,9,True,,,,,
217,4,9,False,,,,,
218,4,9,False,,,,,
219,4,15,False,,,,,
220,4,11,True,,,,,
221,4,17,False,,,,,
222,4,7,True,,,,,
223,4,1,False,,,,,
224,4,8,True,,,,,
225,4,13,False,,,,,
226,4,13,False,,,,,
227,4,15,False,,,,,
228,4,6,True,,,,,
229,4,8,True,,,,,
230,4,1,False,,,,,
231,4,6,True,,,,,
232,4,6,True,,,,,
233,4,1,False,,,,,
234,4,8,True,,,,,
235,4,6,True,,,,,
236,4,9,False,,,,,
237,4,8,True,,,,,
238,4,6,True,,,,,
239,4,15,False,,,,,
240,4,8,True,,,,,
241,4,1,False,,,,,
242,4,1,False,,,,,
243,4,17,False,,,,,
244,4,11,False,,,,,
245,4,7,True,,,,,
246,4,19,False,,,,,
247,4,1,False,,,,,
248,4,1,False,,,,,
249,4,11,True,,,,,
250,4,7,True,,,,,
251,4,9,True,,,,,
252,4,6,True,,,,,
253,4,13,False,,,,,
254,4,9,False,,,,,
255,4,9,True,,,,,
256,4,1,False,,,,,
257,4,6,True,,,,,
258,4,6,True,,,,,
259,4,7,True,,,,,
260,4,15,False,,,,,
261,4,23,False,,,,,
262,4,1,False,,,,,
263,4,1,False,,,,,
264,4,1,False,,,,,
265,4,19,False,,,,,
266,4,17,False,,,,,
267,4,21,False,,,,,
268,4,7,True,,,,,
269,4,1,False,,,,,
270,4,1,False,,,,,
271,4,8,True,,,,,
272,4,7,True,,,,,
273,4,7,True,,,,,
274,4,11,True,,,,,
275,4,7,True,,,,,
276,4,1,False,,,,,
277,4,6,True,,,,,
278,4,19,False,,,,,
279,4,1,False,,,,,
280,4,6,True,,,,,
281,4,17,False,,,,,
282,4,15,False,,,,,
283,4,7,True,,,,,
284,4,9,True,,,,,
285,4,6,True,,,,,
286,4,17,False,,,,,
287,4,17,False,,,,,
288,4,1,False,,,,,
289,4,10,True,,,,,
290,4,1,False,,,,,
291,4,8,True,,,,,
292,4,1,False,,,,,
293,4,1,False,,,,,
294,4,11,False,,,,,
295,4,11,True,,,,,
296,4,6,True,,,,,
297,4,7,True,,,,,
298,4,6,True,,,,,
299,4,7,True,,,,,
300,4,9,True,,,,,
301,4,8,True,,,,,
302,4,14,True,,,,,
303,4,7,False,,,,,
304,4,6,True,,,,,
305,4,1,False,,,,,
306,4,8,True,,,,,
307,4,7,True,,,,,
308,4,1,False,,,,,
309,4,6,True,,,,,
310,4,1,False,,,,,
311,4,6,True,,,,,
312,4,13,False,,,,,
313,4,1,False,,,,,
314,4,1,False,,,,,
315,4,6,True,,,,,
316,4,8,True,,,,,
317,4,6,True,,,,,
318,4,8,True,,,,,
319,4,19,False,,,,,
320,4,7,True,,,,,
321,4,7,True,,,,,
322,4,9,True,,,,,
323,4,13,False,,,,,
324,4,6,True,,,,,
325,4,9,False,,,,,
326,4,6,True,,,,,
327,4,17,False,,,,,
328,4,25,False,,,,,
329,4,11,False,,,,,
330,4,8,True,,,,,
331,4,11,False,,,,,
332,4,6,True,,,,,
333,4,7,True,,,,,
334,4,7,True,,,,,
335,4,1,False,,,,,
336,4,6,True,,,,,
337,4,17,False,,,,,
338,4,8,True,,,,,
339,4,6,True,,,,,
340,4,11,False,,,,,
341,4,11,True,,,,,
342,4,17,True,,,,,
343,4,11,False,,,,,
344,4,7,True,,,,,
345,4,7,True,,,,,
346,4,13,False,,,,,
347,4,6,True,,,,,
348,4,9,True,,,,,
349,4,6,True,,,,,
350,4,7,True,,,,,
351,4,1,False,,,,,
352,4,6,True,,,,,
353,4,6,True,,,,,
354,4,13,False,,,,,
355,4,7,True,,,,,
356,4,6,True,,,,,
357,4,1,False,,,,,
358,4,1,False,,,,,
359,4,7,True,,,,,
360,4,7,True,,,,,
361,4,7,True,,,,,
362,4,9,True,,,,,
363,4,13,False,,,,,
364,4,18,True,,,,,
365,4,8,True,,,,,
366,4,6,True,,,,,
367,4,1,False,,,,,
368,4,1,False,,,,,
369,4,6,True,,,,,
370,4,9,False,,,,,
371,4,17,False,,,,,
372,4,6,True,,,,,
373,4,17,False,,,,,
374,4,1,False,,,,,
375,4,9,True,,,,,
376,4,6,True,,,,,
377,4,8,True,,,,,
378,4,8,True,,,,,
379,4,7,True,,,,,
380,4,7,True,,,,,
381,4,9,True,,,,,
382,4,1,False,,,,,
383,4,9,False,,,,,
384,4,1,False,,,,,
385,4,1,False,,,,,
386,4,11,True,,,,,
387,4,14,True,,,,,
388,4,6,True,,,,,
389,4,6,True,,,,,
390,4,6,True,,,,,
391,4,7,True,,,,,
392,4,6,True,,,,,
393,4,6,True,,,,,
394,4,17,False,,,,,
395,4,9,True,,,,,
396,4,15,False,,,,,
397,4,6,True,,,,,
398,4,13,True,,,,,
399,4,7,True,,,,,
400,4,9,False,,,,,
401,4,14,True,,,,,
402,4,1,False,,,,,
403,4,1,False,,,,,
404,4,11,True,,,,,
405,4,13,False,,,,,
406,4,8,True,,,,,
407,4,14,True,,,,,
408,4,7,True,,,,,
409,4,8,True,,,,,
410,4,1,False,,,,,
411,4,6,True,,,,,
412,4,15,False,,,,,
413,4,7,True,,,,,
414,4,6,True,,,,,
415,4,9,True,,,,,
416,4,7,True,,,,,
417,4,7,True,,,,,
418,4,11,False,,,,,
419,4,6,True,,,,,
420,4,1,False,,,,,
421,4,8,True,,,,,
422,4,1,False,,,,,
423,4,1,False,,,,,
424,4,6,True,,,,,
425,4,8,True,,,,,
426,4,8,True,,,,,
427,4,21,False,,,,,
428,4,9,True,,,,,
429,4,1,False,,,,,
430,4,6,True,,,,,
431,4,6,True,,,,,
432,4,7,True,,,,,
433,4,13,True,,,,,
434,4,21,False,,,,,
435,4,1,False,,,,,
436,4,6,True,,,,,
437,4,8,True,,,,,
438,4,1,False,,,,,
439,4,9,True,,,,,
440,4,6,True,,,,,
441,4,6,True,,,,,
442,4,7,True,,,,,
443,4,1,False,,,,,
444,4,15,False,,,,,
445,4,15,False,,,,,
446,4,7,True,,,,,
447,4,13,False,,,,,
448,4,6,True,,,,,
449,4,7,True,,,,,
450,4,7,True,,,,,
451,4,15,False,,,,,
452,4,1,False,,,,,
453,4,1,False,,,,,
454,4,6,True,,,,,
455,4,6,True,,,,,
456,4,1,False,,,,,
457,4,6,True,,,,,
458,4,7,True,,,,,
459,4,8,True,,,,,
460,4,6,True,,,,,
461,4,1,False,,,,,
462,4,8,True,,,,,
463,4,7,True,,,,,
464,4,9,False,,,,,
465,4,6,True,,,,,
466,4,8,True,,,,,
467,4,6,True,,,,,
468,4,1,False,,,,,
469,4,1,False,,,,,
470,4,1,False,,,,,
471,4,15,False,,,,,
472,4,6,True,,,,,
473,4,8,True,,,,,
474,4,1,False,,,,,
475,4,6,True,,,,,
476,4,13,False,,,,,
477,4,9,True,,,,,
478,4,7,True,,,,,
479,4,7,True,,,,,
480,4,19,False,,,,,
481,4,6,True,,,,,
482,4,15,False,,,,,
483,4,12,True,,,,,
484,4,13,False,,,,,
485,4,8,True,,,,,
486,4,8,True,,,,,
487,4,11,True,,,,,
488,4,1,False,,,,,
489,4,9,True,,,,,
490,4,7,True,,,,,
491,4,1,False,,,,,
492,4,1,False,,,,,
493,4,6,True,,,,,
494,4,7,True,,,,,
495,4,1,False,,,,,
496,4,27,False,,,,,
497,4,8,True,,,,,
498,4,8,True,,,,,
499,4,8,True,,,,,
500,4,15,False,,,,,
1,10,16,True,,,,,
2,10,19,True,,,,,
3,10,12,True,,,,,
4,10,12,True,,,,,
5,10,1,False,,,,,
6,10,14,True,,,,,
7,10,1,False,,,,,
8,10,1,False,,,,,
9,10,18,True,,,,,
10,10,14,True,,,,,
11,10,17,True,,,,,
12,10,17,True,,,,,
13,10,1027,False,,,,,
14,10,15,True,,,,,
15,10,287,False,,,,,
16,10,18,True,,,,,
17,10,12,True,,,,,
18,10,583,False,,,,,
19,10,1,False,,,,,
20,10,12,True,,,,,
21,10,20,True,,,,,
22,10,1,False,,,,,
23,10,1,False,,,,,
24,10,1,False,,,,,
25,10,1,False,,,,,
26,10,679,False,,,,,
27,10,18,True,,,,,
28,10,20,True,,,,,
29,10,13,True,,,,,
30,10,1,False,,,,,
31,10,1,False,,,,,
32,10,343,False,,,,,
33,10,1,False,,,,,
34,10,729,True,,,,,
35,10,1,False,,,,,
36,10,19,True,,,,,
37,10,45,True,,,,,
38,10,473,False,,,,,
39,10,12,True,,,,,
40,10,26,True,,,,,
41,10,361,False,,,,,
42,10,17,True,,,,,
43,10,1,False,,,,,
44,10,1,False,,,,,
45,10,733,False,,,,,
46,10,14,True,,,,,
47,10,1,False,,,,,
48,10,17,True,,,,,
49,10,167,False,,,,,
50,10,1,False,,,,,
51,10,355,False,,,,,
52,10,12,True,,,,,
53,10,17,True,,,,,
54,10,19,True,,,,,
55,10,1,False,,,,,
56,10,1,False,,,,,
57,10,15,True,,,,,
58,10,1,False,,,,,
59,10,543,False,,,,,
60,10,12,True,,,,,
61,10,21,True,,,,,
62,10,543,False,,,,,
63,10,1,False,,,,,
64,10,1,False,,,,,
65,10,1,False,,,,,
66,10,14,True,,,,,
67,10,1,False,,,,,
68,10,19,True,,,,,
69,10,113,False,,,,,
70,10,1,False,,,,,
71,10,13,True,,,,,
72,10,13,True,,,,,
73,10,15,True,,,,,
74,10,321,False,,,,,
75,10,1,False,,,,,
76,10,17,True,,,,,
77,10,1,False,,,,,
78,10,473,False,,,,,
79,10,17,True,,,,,
80,10,13,True,,,,,
81,10,1,False,,,,,
82,10,16,True,,,,,
83,10,13,True,,,,,
84,10,447,False,,,,,
85,10,877,False,,,,,
86,10,1,False,,,,,
87,10,1,False,,,,,
88,10,1,False,,,,,
89,10,225,False,,,,,
90,10,19,True,,,,,
91,10,1,False,,,,,
92,10,1,False,,,,,
93,10,307,False,,,,,
94,10,1,False,,,,,
95,10,13,True,,,,,
96,10,17,True,,,,,
97,10,1,False,,,,,
98,10,13,True,,,,,
99,10,1,False,,,,,
100,10,16,True,,,,,
101,10,17,True,,,,,
102,10,13,True,,,,,
103,10,20,True,,,,,
104,10,633,False,,,,,
105,10,463,False,,,,,
106,10,287,False,,,,,
107,10,221,False,,,,,
108,10,13,True,,,,,
109,10,16,True,,,,,
110,10,105,False,,,,,
111,10,33,True,,,,,
112,10,1,False,,,,,
113,10,1,False,,,,,
114,10,26,True,,,,,
115,10,99,False,,,,,
116,10,1,False,,,,,
117,10,305,False,,,,,
118,10,16,True,,,,,
119,10,1,False,,,,,
120,10,1,False,,,,,
121,10,15,True,,,,,
122,10,132,True,,,,,
123,10,359,False,,,,,
124,10,13,True,,,,,
125,10,13,True,,,,,
126,10,1,False,,,,,
127,10,573,False,,,,,
128,10,1,False,,,,,
129,10,21,True,,,,,
130,10,1,False,,,,,
131,10,1,False,,,,,
132,10,547,False,,,,,
133,10,19,True,,,,,
134,10,15,True,,,,,
135,10,1,False,,,,,
136,10,18,True,,,,,
137,10,1,False,,,,,
138,10,20,True,,,,,
139,10,15,True,,,,,
140,10,1,False,,,,,
141,10,17,True,,,,,
142,10,13,True,,,,,
143,10,17,True,,,,,
144,10,110,True,,,,,
145,10,781,False,,,,,
146,10,19,True,,,,,
147,10,1,False,,,,,
148,10,1,False,,,,,
149,10,1,False,,,,,
150,10,15,True,,,,,
151,10,131,False,,,,,
152,10,299,False,,,,,
153,10,14,True,,,,,
154,10,17,True,,,,,
155,10,1,False,,,,,
156,10,26,True,,,,,
157,10,1,False,,,,,
158,10,15,True,,,,,
159,10,14,True,,,,,
160,10,1,False,,,,,
161,10,13,True,,,,,
162,10,13,True,,,,,
163,10,217,False,,,,,
164,10,437,False,,,,,
165,10,12,True,,,,,
166,10,1,False,,,,,
167,10,143,False,,,,,
168,10,539,False,,,,,
169,10,35,True,,,,,
170,10,1,False,,,,,
171,10,335,False,,,,,
172,10,1,False,,,,,
173,10,31,False,,,,,
174,10,17,True,,,,,
175,10,15,True,,,,,
176,10,641,False,,,,,
177,10,247,False,,,,,
178,10,1,False,,,,,
179,10,175,False,,,,,
180,10,1,False,,,,,
181,10,15,True,,,,,
182,10,1,False,,,,,
183,10,15,True,,,,,
184,10,1,False,,,,,
185,10,64,True,,,,,
186,10,15,True,,,,,
187,10,173,False,,,,,
188,10,1,False,,,,,
189,10,12,True,,,,,
190,10,103,False,,,,,
191,10,95,False,,,,,
192,10,1,False,,,,,
193,10,13,True,,,,,
194,10,1,False,,,,,
195,10,1,False,,,,,
196,10,18,True,,,,,
197,10,1,False,,,,,
198,10,13,True,,,,,
199,10,12,True,,,,,
200,10,15,True,,,,,
201,10,13,True,,,,,
202,10,49,False,,,,,
203,10,14,True,,,,,
204,10,125,False,,,,,
205,10,16,True,,,,,
206,10,14,True,,,,,
207,10,1,False,,,,,
208,10,91,False,,,,,
209,10,1,False,,,,,
210,10,397,False,,,,,
211,10,21,True,,,,,
212,10,17,True,,,,,
213,10,13,True,,,,,
214,10,14,True,,,,,
215,10,1,False,,,,,
216,10,473,False,,,,,
217,10,1,False,,,,,
218,10,387,False,,,,,
219,10,43,False,,,,,
220,10,20,True,,,,,
221,10,475,False,,,,,
222,10,12,True,,,,,
223,10,33,False,,,,,
224,10,13,True,,,,,
225,10,195,False,,,,,
226,10,1,False,,,,,
227,10,67,False,,,,,
228,10,18,True,,,,,
229,10,13,True,,,,,
230,10,1,False,,,,,
231,10,13,True,,,,,
232,10,16,True,,,,,
233,10,373,False,,,,,
234,10,20,True,,,,,
235,10,17,True,,,,,
236,10,1,False,,,,,
237,10,14,True,,,,,
238,10,16,True,,,,,
239,10,207,False,,,,,
240,10,12,True,,,,,
241,10,1,False,,,,,
242,10,1,False,,,,,
243,10,371,False,,,,,
244,10,1,False,,,,,
245,10,35,True,,,,,
246,10,1,False,,,,,
247,10,541,False,,,,,
248,10,53,False,,,,,
249,10,14,True,,,,,
250,10,19,True,,,,,
251,10,107,False,,,,,
252,10,17,True,,,,,
253,10,173,False,,,,,
254,10,467,False,,,,,
255,10,1,False,,,,,
256,10,1,False,,,,,
257,10,13,True,,,,,
258,10,16,True,,,,,
259,10,15,True,,,,,
260,10,677,False,,,,,
261,10,79,False,,,,,
262,10,1,False,,,,,
263,10,1,False,,,,,
264,10,237,False,,,,,
265,10,1,False,,,,,
266,10,1,False,,,,,
267,10,579,False,,,,,
268,10,20,True,,,,,
269,10,265,False,,,,,
270,10,95,False,,,,,
271,10,131,True,,,,,
272,10,17,True,,,,,
273,10,16,True,,,,,
274,10,13,True,,,,,
275,10,13,True,,,,,
276,10,1,False,,,,,
277,10,13,True,,,,,
278,10,529,False,,,,,
279,10,1,False,,,,,
280,10,20,True,,,,,
281,10,1,False,,,,,
282,10,1,False,,,,,
283,10,15,True,,,,,
284,10,521,False,,,,,
285,10,14,True,,,,,
286,10,115,False,,,,,
287,10,81,False,,,,,
288,10,1,False,,,,,
289,10,18,True,,,,,
290,10,1,False,,,,,
291,10,14,True,,,,,
292,10,1,False,,,,,
293,10,263,False,,,,,
294,10,1,False,,,,,
295,10,13,True,,,,,
296,10,13,True,,,,,
297,10,32,True,,,,,
298,10,14,True,,,,,
299,10,14,True,,,,,
300,10,17,True,,,,,
301,10,16,True,,,,,
302,10,21,True,,,,,
303,10,1,False,,,,,
304,10,20,True,,,,,
305,10,169,False,,,,,
306,10,12,True,,,,,
307,10,14,True,,,,,
308,10,1,False,,,,,
309,10,17,True,,,,,
310,10,61,False,,,,,
311,10,12,True,,,,,
312,10,1,False,,,,,
313,10,1,False,,,,,
314,10,1,False,,,,,
315,10,14,True,,,,,
316,10,13,True,,,,,
317,10,18,True,,,,,
318,10,13,True,,,,,
319,10,1,False,,,,,
320,10,17,True,,,,,
321,10,16,True,,,,,
322,10,1,False,,,,,
323,10,843,False,,,,,
324,10,14,True,,,,,
325,10,155,False,,,,,
326,10,13,True,,,,,
327,10,1,False,,,,,
328,10,1,False,,,,,
329,10,1,False,,,,,
330,10,12,True,,,,,
331,10,1,False,,,,,
332,10,16,True,,,,,
333,10,18,True,,,,,
334,10,21,True,,,,,
335,10,1,False,,,,,
336,10,12,True,,,,,
337,10,775,False,,,,,
338,10,12,True,,,,,
339,10,12,True,,,,,
340,10,307,False,,,,,
341,10,14,True,,,,,
342,10,15,True,,,,,
343,10,1,False,,,,,
344,10,16,True,,,,,
345,10,15,True,,,,,
346,10,793,False,,,,,
347,10,16,True,,,,,
348,10,1,False,,,,,
349,10,15,True,,,,,
350,10,193,True,,,,,
351,10,185,False,,,,,
352,10,13,True,,,,,
353,10,12,True,,,,,
354,10,1,False,,,,,
355,10,20,True,,,,,
356,10,15,True,,,,,
357,10,97,False,,,,,
358,10,1,False,,,,,
359,10,19,True,,,,,
360,10,168,True,,,,,
361,10,12,True,,,,,
362,10,1,False,,,,,
363,10,1,False,,,,,
364,10,12,True,,,,,
365,10,19,True,,,,,
366,10,15,True,,,,,
367,10,1,False,,,,,
368,10,1,False,,,,,
369,10,12,True,,,,,
370,10,1,False,,,,,
371,10,1,False,,,,,
372,10,29,True,,,,,
373,10,1,False,,,,,
374,10,1,False,,,,,
375,10,13,True,,,,,
376,10,15,True,,,,,
377,10,20,True,,,,,
378,10,15,True,,,,,
379,10,12,True,,,,,
380,10,15,True,,,,,
381,10,14,True,,,,,
382,10,1,False,,,,,
383,10,1,False,,,,,
384,10,1,False,,,,,
385,10,1,False,,,,,
386,10,12,True,,,,,
387,10,35,True,,,,,
388,10,18,True,,,,,
389,10,14,True,,,,,
390,10,21,True,,,,,
391,10,16,True,,,,,
392,10,12,True,,,,,
393,10,15,True,,,,,
394,10,967,False,,,,,
395,10,1,False,,,,,
396,10,219,False,,,,,
397,10,14,True,,,,,
398,10,84,True,,,,,
399,10,12,True,,,,,
400,10,1,False,,,,,
401,10,14,True,,,,,
402,10,125,False,,,,,
403,10,1,False,,,,,
404,10,12,True,,,,,
405,10,1,False,,,,,
406,10,14,True,,,,,
407,10,13,True,,,,,
408,10,16,True,,,,,
409,10,26,True,,,,,
410,10,1,False,,,,,
411,10,13,True,,,,,
412,10,643,False,,,,,
413,10,14,True,,,,,
414,10,12,True,,,,,
415,10,633,False,,,,,
416,10,15,True,,,,,
417,10,21,True,,,,,
418,10,1,False,,,,,
419,10,17,True,,,,,
420,10,1,False,,,,,
421,10,110,True,,,,,
422,10,1,False,,,,,
423,10,21,True,,,,,
424,10,29,True,,,,,
425,10,131,True,,,,,
426,10,16,True,,,,,
427,10,179,False,,,,,
428,10,13,True,,,,,
429,10,1,False,,,,,
430,10,14,True,,,,,
431,10,16,True,,,,,
432,10,13,True,,,,,
433,10,13,True,,,,,
434,10,1,False,,,,,
435,10,1,False,,,,,
436,10,14,True,,,,,
437,10,19,True,,,,,
438,10,1,False,,,,,
439,10,16,True,,,,,
440,10,15,True,,,,,
441,10,12,True,,,,,
442,10,13,True,,,,,
443,10,1,False,,,,,
444,10,1,False,,,,,
445,10,533,False,,,,,
446,10,14,True,,,,,
447,10,1,False,,,,,
448,10,13,True,,,,,
449,10,15,True,,,,,
450,10,16,True,,,,,
451,10,305,False,,,,,
452,10,279,False,,,,,
453,10,63,False,,,,,
454,10,12,True,,,,,
455,10,16,True,,,,,
456,10,1,False,,,,,
457,10,16,True,,,,,
458,10,13,True,,,,,
459,10,14,True,,,,,
460,10,13,True,,,,,
461,10,1,False,,,,,
462,10,13,True,,,,,
463,10,14,True,,,,,
464,10,473,False,,,,,
465,10,15,True,,,,,
466,10,16,True,,,,,
467,10,17,True,,,,,
468,10,201,False,,,,,
469,10,103,False,,,,,
470,10,1,False,,,,,
471,10,1,False,,,,,
472,10,15,True,,,,,
473,10,14,True,,,,,
474,10,325,False,,,,,
475,10,12,True,,,,,
476,10,1,False,,,,,
477,10,13,True,,,,,
478,10,16,True,,,,,
479,10,17,True,,,,,
480,10,1,False,,,,,
481,10,16,True,,,,,
482,10,1,False,,,,,
483,10,21,True,,,,,
484,10,541,False,,,,,
485,10,16,True,,,,,
486,10,12,True,,,,,
487,10,14,True,,,,,
488,10,1,False,,,,,
489,10,16,True,,,,,
490,10,17,True,,,,,
491,10,1,False,,,,,
492,10,95,False,,,,,
493,10,16,True,,,,,
494,10,13,True,,,,,
495,10,1,False,,,,,
496,10,803,False,,,,,
497,10,26,True,,,,,
498,10,14,True,,,,,
499,10,20,True,,,,,
500,10,93,False,,,,,
1,15,20,True,,,,,
2,15,20,True,,,,,
3,15,21,True,,,,,
4,15,116,True,,,,,
5,15,1,False,,,,,
6,15,28,True,,,,,
7,15,1,False,,,,,
8,15,1,False,,,,,
9,15,17,True,,,,,
10,15,17,True,,,,,
11,15,25,True,,,,,
12,15,22,True,,,,,
13,15,1,False,,,,,
14,15,19,True,,,,,
15,15,109,False,,,,,
16,15,21,True,,,,,
17,15,27,True,,,,,
18,15,17921,False,,,,,
19,15,1,False,,,,,
20,15,19,True,,,,,
21,15,17,True,,,,,
22,15,1,False,,,,,
23,15,1,False,,,,,
24,15,1,False,,,,,
25,15,1,False,,,,,
26,15,20559,False,,,,,
27,15,24,True,,,,,
28,15,20,True,,,,,
29,15,18,True,,,,,
30,15,1,False,,,,,
31,15,1,False,,,,,
32,15,8109,False,,,,,
33,15,31,True,,,,,
34,15,22,True,,,,,
35,15,1,False,,,,,
36,15,26,True,,,,,
37,15,282,True,,,,,
38,15,1133,False,,,,,
39,15,24,True,,,,,
40,15,20,True,,,,,
41,15,1,False,,,,,
42,15,24,True,,,,,
43,15,1,False,,,,,
44,15,5775,False,,,,,
45,15,16225,False,,,,,
46,15,17,True,,,,,
47,15,1,False,,,,,
48,15,27,True,,,,,
49,15,1,False,,,,,
50,15,1,False,,,,,
51,15,16955,False,,,,,
52,15,21,True,,,,,
53,15,21,True,,,,,
54,15,23,True,,,,,
55,15,1,False,,,,,
56,15,1,False,,,,,
57,15,21,True,,,,,
58,15,233,False,,,,,
59,15,57,False,,,,,
60,15,23,True,,,,,
61,15,18,True,,,,,
62,15,1,False,,,,,
63,15,1,False,,,,,
64,15,1,False,,,,,
65,15,1,False,,,,,
66,15,27,True,,,,,
67,15,1,False,,,,,
68,15,22,True,,,,,
69,15,5287,False,,,,,
70,15,1,False,,,,,
71,15,24,True,,,,,
72,15,21,True,,,,,
73,15,22,True,,,,,
74,15,2933,False,,,,,
75,15,1541,False,,,,,
76,15,19,True,,,,,
77,15,571,False,,,,,
78,15,1,False,,,,,
79,15,17,True,,,,,
80,15,24,True,,,,,
81,15,1,False,,,,,
82,15,17,True,,,,,
83,15,18,True,,,,,
84,15,1,False,,,,,
85,15,1879,False,,,,,
86,15,487,False,,,,,
87,15,11737,False,,,,,
88,15,1,False,,,,,
89,15,1,False,,,,,
90,15,25,True,,,,,
91,15,2075,False,,,,,
92,15,1,False,,,,,
93,15,3411,False,,,,,
94,15,1,False,,,,,
95,15,19,True,,,,,
96,15,21,True,,,,,
97,15,3297,False,,,,,
98,15,186,True,,,,,
99,15,1,False,,,,,
100,15,20,True,,,,,
101,15,20,True,,,,,
102,15,17,True,,,,,
103,15,23,True,,,,,
104,15,1,False,,,,,
105,15,1,False,,,,,
106,15,4583,False,,,,,
107,15,219,False,,,,,
108,15,17,True,,,,,
109,15,23,True,,,,,
110,15,1,False,,,,,
111,15,22,True,,,,,
112,15,1,False,,,,,
113,15,1,False,,,,,
114,15,17,True,,,,,
115,15,1,False,,,,,
116,15,1,False,,,,,
117,15,1,False,,,,,
118,15,19,True,,,,,
119,15,1527,False,,,,,
120,15,1,False,,,,,
121,15,19,True,,,,,
122,15,31,True,,,,,
123,15,405,False,,,,,
124,15,18,True,,,,,
125,15,18,True,,,,,
126,15,25583,False,,,,,
127,15,1,False,,,,,
128,15,1,False,,,,,
129,15,120,True,,,,,
130,15,1,False,,,,,
131,15,2009,False,,,,,
132,15,21533,False,,,,,
133,15,20,True,,,,,
134,15,29,True,,,,,
135,15,1,False,,,,,
136,15,18,True,,,,,
137,15,345,False,,,,,
138,15,19,True,,,,,
139,15,23,True,,,,,
140,15,1015,False,,,,,
141,15,25,True,,,,,
142,15,21,True,,,,,
143,15,26,True,,,,,
144,15,82,True,,,,,
145,15,22299,False,,,,,
146,15,19,True,,,,,
147,15,1,False,,,,,
148,15,1,False,,,,,
149,15,3859,False,,,,,
150,15,18,True,,,,,
151,15,81,False,,,,,
152,15,2315,False,,,,,
153,15,24,True,,,,,
154,15,22,True,,,,,
155,15,717,False,,,,,
156,15,19,True,,,,,
157,15,1,False,,,,,
158,15,24,True,,,,,
159,15,24,True,,,,,
160,15,1,False,,,,,
161,15,22,True,,,,,
162,15,24,True,,,,,
163,15,1687,False,,,,,
164,15,11153,False,,,,,
165,15,18,True,,,,,
166,15,1,False,,,,,
167,15,1,False,,,,,
168,15,167,False,,,,,
169,15,19,True,,,,,
170,15,9917,False,,,,,
171,15,1177,False,,,,,
172,15,1,False,,,,,
173,15,1,False,,,,,
174,15,19,True,,,,,
175,15,20,True,,,,,
176,15,17073,False,,,,,
177,15,1463,False,,,,,
178,15,1,False,,,,,
179,15,2415,False,,,,,
180,15,1,False,,,,,
181,15,25,True,,,,,
182,15,1,False,,,,,
183,15,27,True,,,,,
184,15,9725,False,,,,,
185,15,5582,True,,,,,
186,15,18,True,,,,,
187,15,3913,False,,,,,
188,15,1,False,,,,,
189,15,17,True,,,,,
190,15,1,False,,,,,
191,15,1,False,,,,,
192,15,1,False,,,,,
193,15,20,True,,,,,
194,15,1,False,,,,,
195,15,1,False,,,,,
196,15,39,True,,,,,
197,15,2849,False,,,,,
198,15,26,True,,,,,
199,15,20,True,,,,,
200,15,17,True,,,,,
201,15,25,True,,,,,
202,15,3919,False,,,,,
203,15,17,True,,,,,
204,15,1,False,,,,,
205,15,20,True,,,,,
206,15,20,True,,,,,
207,15,1,False,,,,,
208,15,1,False,,,,,
209,15,4549,False,,,,,
210,15,429,False,,,,,
211,15,24,True,,,,,
212,15,23,True,,,,,
213,15,10064,True,,,,,
214,15,19,True,,,,,
215,15,1,False,,,,,
216,15,4683,False,,,,,
217,15,2373,False,,,,,
218,15,4269,False,,,,,
219,15,1,False,,,,,
220,15,18,True,,,,,
221,15,1,False,,,,,
222,15,19,True,,,,,
223,15,1,False,,,,,
224,15,29,True,,,,,
225,15,1,False,,,,,
226,15,1,False,,,,,
227,15,1,False,,,,,
228,15,22,True,,,,,
229,15,18,True,,,,,
230,15,109,False,,,,,
231,15,21,True,,,,,
232,15,20,True,,,,,
233,15,1,False,,,,,
234,15,43,True,,,,,
235,15,22,True,,,,,
236,15,1,False,,,,,
237,15,30,True,,,,,
238,15,22,True,,,,,
239,15,83,False,,,,,
240,15,22,True,,,,,
241,15,375,False,,,,,
242,15,127,False,,,,,
243,15,25551,False,,,,,
244,15,1,False,,,,,
245,15,17,True,,,,,
246,15,1,False,,,,,
247,15,7695,False,,,,,
248,15,1,False,,,,,
249,15,18,True,,,,,
250,15,18,True,,,,,
251,15,1,False,,,,,
252,15,21,True,,,,,
253,15,1,False,,,,,
254,15,6531,False,,,,,
255,15,1,False,,,,,
256,15,1,False,,,,,
257,15,20,True,,,,,
258,15,17,True,,,,,
259,15,23,True,,,,,
260,15,2585,False,,,,,
261,15,19081,False,,,,,
262,15,175,False,,,,,
263,15,1,False,,,,,
264,15,5119,False,,,,,
265,15,8487,False,,,,,
266,15,1,False,,,,,
267,15,5507,False,,,,,
268,15,25,True,,,,,
269,15,1,False,,,,,
270,15,1,False,,,,,
271,15,17,True,,,,,
272,15,17,True,,,,,
273,15,18,True,,,,,
274,15,28,True,,,,,
275,15,21,True,,,,,
276,15,1,False,,,,,
277,15,17,True,,,,,
278,15,1,False,,,,,
279,15,1,False,,,,,
280,15,18,True,,,,,
281,15,1,False,,,,,
282,15,1,False,,,,,
283,15,21,True,,,,,
284,15,24213,False,,,,,
285,15,26,True,,,,,
286,15,14053,False,,,,,
287,15,1,False,,,,,
288,15,1,False,,,,,
289,15,19,True,,,,,
290,15,1,False,,,,,
291,15,29,True,,,,,
292,15,1,False,,,,,
293,15,1,False,,,,,
294,15,1,False,,,,,
295,15,17,True,,,,,
296,15,26,True,,,,,
297,15,23,True,,,,,
298,15,17,True,,,,,
299,15,17,True,,,,,
300,15,25,True,,,,,
301,15,23,True,,,,,
302,15,103,True,,,,,
303,15,31,True,,,,,
304,15,20,True,,,,,
305,15,1,False,,,,,
306,15,17,True,,,,,
307,15,24,True,,,,,
308,15,1,False,,,,,
309,15,21,True,,,,,
310,15,4113,False,,,,,
311,15,19,True,,,,,
312,15,1,False,,,,,
313,15,1855,False,,,,,
314,15,1,False,,,,,
315,15,22,True,,,,,
316,15,29,True,,,,,
317,15,22,True,,,,,
318,15,18,True,,,,,
319,15,2793,False,,,,,
320,15,24,True,,,,,
321,15,20,True,,,,,
322,15,1,False,,,,,
323,15,18269,False,,,,,
324,15,21,True,,,,,
325,15,1,False,,,,,
326,15,21,True,,,,,
327,15,20309,False,,,,,
328,15,1,False,,,,,
329,15,1,False,,,,,
330,15,46,True,,,,,
331,15,1,False,,,,,
332,15,22,True,,,,,
333,15,18,True,,,,,
334,15,23,True,,,,,
335,15,1,False,,,,,
336,15,21,True,,,,,
337,15,12629,False,,,,,
338,15,17,True,,,,,
339,15,22,True,,,,,
340,15,8383,False,,,,,
341,15,27,True,,,,,
342,15,19,True,,,,,
343,15,1,False,,,,,
344,15,20,True,,,,,
345,15,25,True,,,,,
346,15,1,False,,,,,
347,15,19,True,,,,,
348,15,1,False,,,,,
349,15,21,True,,,,,
350,15,17,True,,,,,
351,15,1,False,,,,,
352,15,21,True,,,,,
353,15,22,True,,,,,
354,15,1,False,,,,,
355,15,22,True,,,,,
356,15,17,True,,,,,
357,15,123,False,,,,,
358,15,1653,False,,,,,
359,15,19,True,,,,,
360,15,17,True,,,,,
361,15,19,True,,,,,
362,15,1,False,,,,,
363,15,1,False,,,,,
364,15,27,True,,,,,
365,15,19,True,,,,,
366,15,24,True,,,,,
367,15,1235,False,,,,,
368,15,1,False,,,,,
369,15,18,True,,,,,
370,15,1,False,,,,,
371,15,1179,False,,,,,
372,15,34,True,,,,,
373,15,469,False,,,,,
374,15,13069,False,,,,,
375,15,18,True,,,,,
376,15,18,True,,,,,
377,15,27,True,,,,,
378,15,19,True,,,,,
379,15,17,True,,,,,
380,15,20,True,,,,,
381,15,21,True,,,,,
382,15,1,False,,,,,
383,15,1,False,,,,,
384,15,1,False,,,,,
385,15,3573,False,,,,,
386,15,45,True,,,,,
387,15,17,True,,,,,
388,15,28,True,,,,,
389,15,22,True,,,,,
390,15,23,True,,,,,
391,15,225,True,,,,,
392,15,17,True,,,,,
393,15,17,True,,,,,
394,15,27125,False,,,,,
395,15,1,False,,,,,
396,15,1,False,,,,,
397,15,27,True,,,,,
398,15,895,True,,,,,
399,15,18,True,,,,,
400,15,1,False,,,,,
401,15,19,True,,,,,
402,15,1,False,,,,,
403,15,133,False,,,,,
404,15,28,True,,,,,
405,15,1,False,,,,,
406,15,18,True,,,,,
407,15,18,True,,,,,
408,15,23,True,,,,,
409,15,24,True,,,,,
410,15,1,False,,,,,
411,15,25,True,,,,,
412,15,1,False,,,,,
413,15,17,True,,,,,
414,15,23,True,,,,,
415,15,11113,False,,,,,
416,15,19,True,,,,,
417,15,22,True,,,,,
418,15,1,False,,,,,
419,15,59,True,,,,,
420,15,1,False,,,,,
421,15,17,True,,,,,
422,15,1,False,,,,,
423,15,4413,False,,,,,
424,15,17,True,,,,,
425,15,5285,True,,,,,
426,15,23,True,,,,,
427,15,1,False,,,,,
428,15,23,True,,,,,
429,15,1,False,,,,,
430,15,21,True,,,,,
431,15,18,True,,,,,
432,15,20,True,,,,,
433,15,27,True,,,,,
434,15,1,False,,,,,
435,15,1,False,,,,,
436,15,22,True,,,,,
437,15,17,True,,,,,
438,15,1,False,,,,,
439,15,20,True,,,,,
440,15,21,True,,,,,
441,15,18,True,,,,,
442,15,20,True,,,,,
443,15,1,False,,,,,
444,15,4895,False,,,,,
445,15,1,False,,,,,
446,15,27,True,,,,,
447,15,1463,False,,,,,
448,15,20,True,,,,,
449,15,28,True,,,,,
450,15,17,True,,,,,
451,15,12177,False,,,,,
452,15,1,False,,,,,
453,15,1,False,,,,,
454,15,26,True,,,,,
455,15,23,True,,,,,
456,15,1,False,,,,,
457,15,17,True,,,,,
458,15,22,True,,,,,
459,15,22,True,,,,,
460,15,21,True,,,,,
461,15,687,False,,,,,
462,15,17,True,,,,,
463,15,106,True,,,,,
464,15,1,False,,,,,
465,15,21,True,,,,,
466,15,24,True,,,,,
467,15,30,True,,,,,
468,15,211,False,,,,,
469,15,1043,False,,,,,
470,15,1,False,,,,,
471,15,1,False,,,,,
472,15,17,True,,,,,
473,15,24,True,,,,,
474,15,1,False,,,,,
475,15,19,True,,,,,
476,15,1,False,,,,,
477,15,112,True,,,,,
478,15,24,True,,,,,
479,15,22,True,,,,,
480,15,1,False,,,,,
481,15,28,True,,,,,
482,15,1,False,,,,,
483,15,24,True,,,,,
484,15,1,False,,,,,
485,15,22,True,,,,,
486,15,30,True,,,,,
487,15,20,True,,,,,
488,15,1,False,,,,,
489,15,30,True,,,,,
490,15,19,True,,,,,
491,15,1,False,,,,,
492,15,1727,False,,,,,
493,15,21,True,,,,,
494,15,23,True,,,,,
495,15,1,False,,,,,
496,15,30131,False,,,,,
497,15,92,True,,,,,
498,15,24,True,,,,,
499,15,22,True,,,,,
500,15,1,False,,,,,
1,20,26,True,,,,,
2,20,29,True,,,,,
3,20,25,True,,,,,
4,20,27,True,,,,,
5,20,24393,False,,,,,
6,20,26,True,,,,,
7,20,1,False,,,,,
8,20,1,False,,,,,
9,20,34,True,,,,,
10,20,22,True,,,,,
11,20,26,True,,,,,
12,20,23,True,,,,,
13,20,39813,False,,,,,
14,20,30,True,,,,,
15,20,1,False,,,,,
16,20,35,True,,,,,
17,20,27,True,,,,,
18,20,1,False,,,,,
19,20,1,False,,,,,
20,20,23,True,,,,,
21,20,33,True,,,,,
22,20,1,False,,,,,
23,20,1,False,,,,,
24,20,1,False,,,,,
25,20,1,False,,,,,
26,20,1,False,,,,,
27,20,23,True,,,,,
28,20,34,True,,,,,
29,20,28,True,,,,,
30,20,1445,False,,,,,
31,20,1,False,,,,,
32,20,1154951,False,,,,,
33,20,1,False,,,,,
34,20,44,True,,,,,
35,20,1,False,,,,,
36,20,29,True,,,,,
37,20,36,True,,,,,
38,20,1,False,,,,,
39,20,31,True,,,,,
40,20,89,True,,,,,
41,20,1,False,,,,,
42,20,31,True,,,,,
43,20,1,False,,,,,
44,20,1,False,,,,,
45,20,445933,False,,,,,
46,20,29,True,,,,,
47,20,1,False,,,,,
48,20,22,True,,,,,
49,20,188073,False,,,,,
50,20,1,False,,,,,
51,20,9785,False,,,,,
52,20,32,True,,,,,
53,20,23,True,,,,,
54,20,29,True,,,,,
55,20,1,False,,,,,
56,20,1,False,,,,,
57,20,31,True,,,,,
58,20,1,False,,,,,
59,20,1,False,,,,,
60,20,23,True,,,,,
61,20,24,True,,,,,
62,20,1,False,,,,,
63,20,1,False,,,,,
64,20,164511,False,,,,,
65,20,115523,False,,,,,
66,20,29,True,,,,,
67,20,1,False,,,,,
68,20,24,True,,,,,
69,20,1,False,,,,,
70,20,551,False,,,,,
71,20,23,True,,,,,
72,20,27,True,,,,,
73,20,24,True,,,,,
74,20,1,False,,,,,
75,20,1101,False,,,,,
76,20,23,True,,,,,
77,20,1,False,,,,,
78,20,27815,False,,,,,
79,20,23,True,,,,,
80,20,22,True,,,,,
81,20,1,False,,,,,
82,20,37,True,,,,,
83,20,37,True,,,,,
84,20,29713,False,,,,,
85,20,1,False,,,,,
86,20,1,False,,,,,
87,20,2513,False,,,,,
88,20,1,False,,,,,
89,20,1,False,,,,,
90,20,22,True,,,,,
91,20,441217,False,,,,,
92,20,1,False,,,,,
93,20,2319,False,,,,,
94,20,12473,False,,,,,
95,20,22,True,,,,,
96,20,29,True,,,,,
97,20,1,False,,,,,
98,20,25,True,,,,,
99,20,1,False,,,,,
100,20,34,True,,,,,
101,20,33,True,,,,,
102,20,30,True,,,,,
103,20,22,True,,,,,
104,20,1,False,,,,,
105,20,109069,False,,,,,
106,20,1,False,,,,,
107,20,4815,False,,,,,
108,20,26,True,,,,,
109,20,31,True,,,,,
110,20,1,False,,,,,
111,20,960,True,,,,,
112,20,10133,False,,,,,
113,20,1,False,,,,,
114,20,249,True,,,,,
115,20,1,False,,,,,
116,20,1,False,,,,,
117,20,22361,False,,,,,
118,20,38,True,,,,,
119,20,695,False,,,,,
120,20,1,False,,,,,
121,20,35,True,,,,,
122,20,68,True,,,,,
123,20,1,False,,,,,
124,20,33,True,,,,,
125,20,30,True,,,,,
126,20,1,False,,,,,
127,20,1,False,,,,,
128,20,81983,False,,,,,
129,20,61,True,,,,,
130,20,1,False,,,,,
131,20,1,False,,,,,
132,20,90587,False,,,,,
133,20,22,True,,,,,
134,20,27,True,,,,,
135,20,1,False,,,,,
136,20,29,True,,,,,
137,20,1,False,,,,,
138,20,23,True,,,,,
139,20,22,True,,,,,
140,20,13219,False,,,,,
141,20,37,True,,,,,
142,20,35,True,,,,,
143,20,23,True,,,,,
144,20,286,True,,,,,
145,20,1,False,,,,,
146,20,27,True,,,,,
147,20,5321,False,,,,,
148,20,1,False,,,,,
149,20,1,False,,,,,
150,20,27,True,,,,,
151,20,1,False,,,,,
152,20,265,False,,,,,
153,20,35,True,,,,,
154,20,23,True,,,,,
155,20,1,False,,,,,
156,20,34,True,,,,,
157,20,1,False,,,,,
158,20,29,True,,,,,
159,20,22,True,,,,,
160,20,1,False,,,,,
161,20,229,True,,,,,
162,20,24,True,,,,,
163,20,1,False,,,,,
164,20,19301,False,,,,,
165,20,33,True,,,,,
166,20,1,False,,,,,
167,20,1,False,,,,,
168,20,469277,False,,,,,
169,20,490,True,,,,,
170,20,193443,False,,,,,
171,20,1,False,,,,,
172,20,1,False,,,,,
173,20,1,False,,,,,
174,20,31,True,,,,,
175,20,23,True,,,,,
176,20,518283,False,,,,,
177,20,7227,False,,,,,
178,20,141,False,,,,,
179,20,67167,False,,,,,
180,20,5893,False,,,,,
181,20,31,True,,,,,
182,20,1,False,,,,,
183,20,33,True,,,,,
184,20,1,False,,,,,
185,20,186,True,,,,,
186,20,24,True,,,,,
187,20,41387,False,,,,,
188,20,1,False,,,,,
189,20,23,True,,,,,
190,20,1,False,,,,,
191,20,1563,False,,,,,
192,20,1,False,,,,,
193,20,30,True,,,,,
194,20,1,False,,,,,
195,20,1,False,,,,,
196,20,22,True,,,,,
197,20,1,False,,,,,
198,20,31,True,,,,,
199,20,30,True,,,,,
200,20,30,True,,,,,
201,20,28,True,,,,,
202,20,7183,False,,,,,
203,20,33,True,,,,,
204,20,831,False,,,,,
205,20,35,True,,,,,
206,20,22,True,,,,,
207,20,1,False,,,,,
208,20,10955,False,,,,,
209,20,1,False,,,,,
210,20,1,False,,,,,
211,20,27,True,,,,,
212,20,24,True,,,,,
213,20,22,True,,,,,
214,20,28,True,,,,,
215,20,1,False,,,,,
216,20,358585,False,,,,,
217,20,1,False,,,,,
218,20,44875,False,,,,,
219,20,1,False,,,,,
220,20,36,True,,,,,
221,20,10809,False,,,,,
222,20,22,True,,,,,
223,20,88653,False,,,,,
224,20,31,True,,,,,
225,20,1,False,,,,,
226,20,18779,False,,,,,
227,20,10983,False,,,,,
228,20,24,True,,,,,
229,20,29,True,,,,,
230,20,1,False,,,,,
231,20,33,True,,,,,
232,20,22,True,,,,,
233,20,1,False,,,,,
234,20,43,True,,,,,
235,20,35,True,,,,,
236,20,1,False,,,,,
237,20,23,True,,,,,
238,20,26,True,,,,,
239,20,1,False,,,,,
240,20,22,True,,,,,
241,20,1,False,,,,,
242,20,77,False,,,,,
243,20,618767,False,,,,,
244,20,1,False,,,,,
245,20,28,True,,,,,
246,20,1,False,,,,,
247,20,1,False,,,,,
248,20,1,False,,,,,
249,20,33,True,,,,,
250,20,30,True,,,,,
251,20,114277,False,,,,,
252,20,32,True,,,,,
253,20,1,False,,,,,
254,20,35815,False,,,,,
255,20,1,False,,,,,
256,20,127647,False,,,,,
257,20,23,True,,,,,
258,20,30,True,,,,,
259,20,25,True,,,,,
260,20,673863,False,,,,,
261,20,27335,False,,,,,
262,20,3761,False,,,,,
263,20,1,False,,,,,
264,20,1,False,,,,,
265,20,50213,False,,,,,
266,20,26041,False,,,,,
267,20,1,False,,,,,
268,20,35,True,,,,,
269,20,1,False,,,,,
270,20,1,False,,,,,
271,20,32,True,,,,,
272,20,28,True,,,,,
273,20,40,True,,,,,
274,20,22,True,,,,,
275,20,24,True,,,,,
276,20,1,False,,,,,
277,20,22,True,,,,,
278,20,1,False,,,,,
279,20,1,False,,,,,
280,20,22,True,,,,,
281,20,1,False,,,,,
282,20,49613,False,,,,,
283,20,25,True,,,,,
284,20,595139,False,,,,,
285,20,24,True,,,,,
286,20,1090735,False,,,,,
287,20,1,False,,,,,
288,20,21547,False,,,,,
289,20,120,True,,,,,
290,20,1,False,,,,,
291,20,22,True,,,,,
292,20,1,False,,,,,
293,20,1,False,,,,,
294,20,386649,False,,,,,
295,20,24,True,,,,,
296,20,33,True,,,,,
297,20,24,True,,,,,
298,20,26,True,,,,,
299,20,22,True,,,,,
300,20,479,True,,,,,
301,20,23,True,,,,,
302,20,27,True,,,,,
303,20,1,False,,,,,
304,20,33,True,,,,,
305,20,1,False,,,,,
306,20,26,True,,,,,
307,20,22,True,,,,,
308,20,1,False,,,,,
309,20,29,True,,,,,
310,20,1,False,,,,,
311,20,27,True,,,,,
312,20,133589,False,,,,,
313,20,1,False,,,,,
314,20,16257,False,,,,,
315,20,22,True,,,,,
316,20,37,True,,,,,
317,20,78,True,,,,,
318,20,33,True,,,,,
319,20,1,False,,,,,
320,20,30,True,,,,,
321,20,23,True,,,,,
322,20,9013,False,,,,,
323,20,947563,False,,,,,
324,20,28,True,,,,,
325,20,1,False,,,,,
326,20,22,True,,,,,
327,20,1,False,,,,,
328,20,1,False,,,,,
329,20,1,False,,,,,
330,20,54,True,,,,,
331,20,1,False,,,,,
332,20,22,True,,,,,
333,20,38,True,,,,,
334,20,22,True,,,,,
335,20,1,False,,,,,
336,20,35,True,,,,,
337,20,337547,False,,,,,
338,20,30,True,,,,,
339,20,27,True,,,,,
340,20,1,False,,,,,
341,20,27,True,,,,,
342,20,98,True,,,,,
343,20,1,False,,,,,
344,20,32,True,,,,,
345,20,24,True,,,,,
346,20,219463,False,,,,,
347,20,24,True,,,,,
348,20,1,False,,,,,
349,20,25,True,,,,,
350,20,29,True,,,,,
351,20,107,False,,,,,
352,20,31,True,,,,,
353,20,25,True,,,,,
354,20,1,False,,,,,
355,20,34,True,,,,,
356,20,26964,True,,,,,
357,20,1,False,,,,,
358,20,24211,False,,,,,
359,20,25,True,,,,,
360,20,84,True,,,,,
361,20,23,True,,,,,
362,20,1,False,,,,,
363,20,1,False,,,,,
364,20,25,True,,,,,
365,20,1283,True,,,,,
366,20,24,True,,,,,
367,20,1,False,,,,,
368,20,1,False,,,,,
369,20,23,True,,,,,
370,20,605,False,,,,,
371,20,1,False,,,,,
372,20,35,True,,,,,
373,20,1,False,,,,,
374,20,282239,False,,,,,
375,20,25,True,,,,,
376,20,27,True,,,,,
377,20,22,True,,,,,
378,20,36,True,,,,,
379,20,25,True,,,,,
380,20,1532,True,,,,,
381,20,30,True,,,,,
382,20,1,False,,,,,
383,20,12987,False,,,,,
384,20,1,False,,,,,
385,20,1,False,,,,,
386,20,308,True,,,,,
387,20,23,True,,,,,
388,20,29,True,,,,,
389,20,40,True,,,,,
390,20,23,True,,,,,
391,20,28,True,,,,,
392,20,23,True,,,,,
393,20,34,True,,,,,
394,20,1206095,False,,,,,
395,20,1,False,,,,,
396,20,1,False,,,,,
397,20,23,True,,,,,
398,20,28,True,,,,,
399,20,24,True,,,,,
400,20,1,False,,,,,
401,20,23,True,,,,,
402,20,6281,False,,,,,
403,20,1,False,,,,,
404,20,22,True,,,,,
405,20,1,False,,,,,
406,20,28,True,,,,,
407,20,22,True,,,,,
408,20,32,True,,,,,
409,20,22,True,,,,,
410,20,1,False,,,,,
411,20,32,True,,,,,
412,20,498911,False,,,,,
413,20,31,True,,,,,
414,20,24,True,,,,,
415,20,1,False,,,,,
416,20,27,True,,,,,
417,20,24,True,,,,,
418,20,1,False,,,,,
419,20,29,True,,,,,
420,20,1,False,,,,,
421,20,28,True,,,,,
422,20,1,False,,,,,
423,20,128649,False,,,,,
424,20,678,True,,,,,
425,20,196,True,,,,,
426,20,34,True,,,,,
427,20,86281,False,,,,,
428,20,27,True,,,,,
429,20,1,False,,,,,
430,20,23,True,,,,,
431,20,36,True,,,,,
432,20,22,True,,,,,
433,20,28,True,,,,,
434,20,1,False,,,,,
435,20,1,False,,,,,
436,20,28,True,,,,,
437,20,29,True,,,,,
438,20,1,False,,,,,
439,20,23,True,,,,,
440,20,26,True,,,,,
441,20,26,True,,,,,
442,20,25,True,,,,,
443,20,1,False,,,,,
444,20,701751,False,,,,,
445,20,37751,False,,,,,
446,20,25,True,,,,,
447,20,1,False,,,,,
448,20,27,True,,,,,
449,20,25,True,,,,,
450,20,27,True,,,,,
451,20,399347,False,,,,,
452,20,1,False,,,,,
453,20,1,False,,,,,
454,20,29,True,,,,,
455,20,24,True,,,,,
456,20,1,False,,,,,
457,20,40,True,,,,,
458,20,29,True,,,,,
459,20,22,True,,,,,
460,20,28,True,,,,,
461,20,1,False,,,,,
462,20,22,True,,,,,
463,20,23,True,,,,,
464,20,812815,False,,,,,
465,20,33,True,,,,,
466,20,26,True,,,,,
467,20,24,True,,,,,
468,20,1,False,,,,,
469,20,1,False,,,,,
470,20,16807,False,,,,,
471,20,1,False,,,,,
472,20,27,True,,,,,
473,20,29,True,,,,,
474,20,47849,False,,,,,
475,20,33,True,,,,,
476,20,1,False,,,,,
477,20,40,True,,,,,
478,20,24,True,,,,,
479,20,23,True,,,,,
480,20,1,False,,,,,
481,20,28,True,,,,,
482,20,1,False,,,,,
483,20,35,True,,,,,
484,20,1,False,,,,,
485,20,23,True,,,,,
486,20,26,True,,,,,
487,20,57,True,,,,,
488,20,1,False,,,,,
489,20,30,True,,,,,
490,20,31,True,,,,,
491,20,1,False,,,,,
492,20,1,False,,,,,
493,20,27,True,,,,,
494,20,41,True,,,,,
495,20,1,False,,,,,
496,20,683,False,,,,,
497,20,224,True,,,,,
498,20,22,True,,,,,
499,20,23,True,,,,,
500,20,618635,False,,,,,
1,22,29,True,,,,,
2,22,35,True,,,,,
3,22,29,True,,,,,
4,22,129,True,,,,,
5,22,1,False,,,,,
6,22,26,True,,,,,
7,22,130535,False,,,,,
8,22,1,False,,,,,
9,22,27,True,,,,,
10,22,32,True,,,,,
11,22,24,True,,,,,
12,22,31,True,,,,,
13,22,1,False,,,,,
14,22,26,True,,,,,
15,22,1,False,,,,,
16,22,35,True,,,,,
17,22,26,True,,,,,
18,22,2092021,False,,,,,
19,22,1,False,,,,,
20,22,44,True,,,,,
21,22,32,True,,,,,
22,22,12597,False,,,,,
23,22,1,False,,,,,
24,22,667177,False,,,,,
25,22,1,False,,,,,
26,22,1,False,,,,,
27,22,24,True,,,,,
28,22,26,True,,,,,
29,22,43,True,,,,,
30,22,1,False,,,,,
31,22,1293597,False,,,,,
32,22,4069319,False,,,,,
33,22,312841,False,,,,,
34,22,7517,True,,,,,
35,22,1,False,,,,,
36,22,27,True,,,,,
37,22,24,True,,,,,
38,22,1,False,,,,,
39,22,27,True,,,,,
40,22,30,True,,,,,
41,22,1429339,False,,,,,
42,22,41,True,,,,,
43,22,5181,False,,,,,
44,22,1,False,,,,,
45,22,4459907,False,,,,,
46,22,28,True,,,,,
47,22,1,False,,,,,
48,22,39,True,,,,,
49,22,467535,False,,,,,
50,22,1,False,,,,,
51,22,87,False,,,,,
52,22,31,True,,,,,
53,22,31,True,,,,,
54,22,30,True,,,,,
55,22,1,False,,,,,
56,22,1,False,,,,,
57,22,25,True,,,,,
58,22,2184297,False,,,,,
59,22,3901395,False,,,,,
60,22,42,True,,,,,
61,22,28,True,,,,,
62,22,297987,False,,,,,
63,22,1,False,,,,,
64,22,1,False,,,,,
65,22,1,False,,,,,
66,22,28,True,,,,,
67,22,1,False,,,,,
68,22,33,True,,,,,
69,22,1,False,,,,,
70,22,238673,False,,,,,
71,22,32,True,,,,,
72,22,33,True,,,,,
73,22,26,True,,,,,
74,22,461905,False,,,,,
75,22,1273,False,,,,,
76,22,29,True,,,,,
77,22,1,False,,,,,
78,22,1,False,,,,,
79,22,39,True,,,,,
80,22,29,True,,,,,
81,22,498191,False,,,,,
82,22,25,True,,,,,
83,22,38,True,,,,,
84,22,1,False,,,,,
85,22,1,False,,,,,
86,22,1,False,,,,,
87,22,1,False,,,,,
88,22,1,False,,,,,
89,22,1,False,,,,,
90,22,37,True,,,,,
91,22,1,False,,,,,
92,22,1,False,,,,,
93,22,1655341,False,,,,,
94,22,1,False,,,,,
95,22,24,True,,,,,
96,22,26,True,,,,,
97,22,32229,False,,,,,
98,22,30,True,,,,,
99,22,1624119,False,,,,,
100,22,24,True,,,,,
101,22,31,True,,,,,
102,22,41,True,,,,,
103,22,34,True,,,,,
104,22,1,False,,,,,
105,22,819007,False,,,,,
106,22,1,False,,,,,
107,22,1,False,,,,,
108,22,26,True,,,,,
109,22,35,True,,,,,
110,22,1,False,,,,,
111,22,468,True,,,,,
112,22,1,False,,,,,
113,22,1,False,,,,,
114,22,276,True,,,,,
115,22,1,False,,,,,
116,22,1,False,,,,,
117,22,8309,False,,,,,
118,22,35,True,,,,,
119,22,1,False,,,,,
120,22,1,False,,,,,
121,22,38,True,,,,,
122,22,854,True,,,,,
123,22,1,False,,,,,
124,22,28,True,,,,,
125,22,27,True,,,,,
126,22,379863,False,,,,,
127,22,278175,False,,,,,
128,22,1,False,,,,,
129,22,43,True,,,,,
130,22,1,False,,,,,
131,22,7745,False,,,,,
132,22,1949557,False,,,,,
133,22,28,True,,,,,
134,22,34,True,,,,,
135,22,1,False,,,,,
136,22,26,True,,,,,
137,22,1,False,,,,,
138,22,25,True,,,,,
139,22,25,True,,,,,
140,22,1,False,,,,,
141,22,37,True,,,,,
142,22,33,True,,,,,
143,22,25,True,,,,,
144,22,80,True,,,,,
145,22,1,False,,,,,
146,22,35,True,,,,,
147,22,1,False,,,,,
148,22,1,False,,,,,
149,22,183837,False,,,,,
150,22,29,True,,,,,
151,22,1,False,,,,,
152,22,4573,False,,,,,
153,22,24,True,,,,,
154,22,25,True,,,,,
155,22,1,False,,,,,
156,22,42,True,,,,,
157,22,243,False,,,,,
158,22,32,True,,,,,
159,22,25,True,,,,,
160,22,645201,False,,,,,
161,22,148,True,,,,,
162,22,31,True,,,,,
163,22,4239,False,,,,,
164,22,13433,False,,,,,
165,22,27,True,,,,,
166,22,1,False,,,,,
167,22,10781,False,,,,,
168,22,25111,False,,,,,
169,22,25,True,,,,,
170,22,357607,False,,,,,
171,22,205599,False,,,,,
172,22,1,False,,,,,
173,22,1,False,,,,,
174,22,33,True,,,,,
175,22,26,True,,,,,
176,22,51825,False,,,,,
177,22,1,False,,,,,
178,22,1,False,,,,,
179,22,193281,False,,,,,
180,22,1,False,,,,,
181,22,28,True,,,,,
182,22,267,False,,,,,
183,22,33,True,,,,,
184,22,1,False,,,,,
185,22,259,True,,,,,
186,22,24,True,,,,,
187,22,252005,False,,,,,
188,22,1,False,,,,,
189,22,24,True,,,,,
190,22,37719,False,,,,,
191,22,1,False,,,,,
192,22,1,False,,,,,
193,22,41,True,,,,,
194,22,1,False,,,,,
195,22,38223,False,,,,,
196,22,28,True,,,,,
197,22,2091709,False,,,,,
198,22,26,True,,,,,
199,22,29,True,,,,,
200,22,24,True,,,,,
201,22,24,True,,,,,
202,22,365,False,,,,,
203,22,24,True,,,,,
204,22,1,False,,,,,
205,22,25,True,,,,,
206,22,117,True,,,,,
207,22,1,False,,,,,
208,22,1,False,,,,,
209,22,1,False,,,,,
210,22,1512049,False,,,,,
211,22,24,True,,,,,
212,22,24,True,,,,,
213,22,4477,True,,,,,
214,22,28,True,,,,,
215,22,1,False,,,,,
216,22,9433,False,,,,,
217,22,1,False,,,,,
218,22,511341,False,,,,,
219,22,1,False,,,,,
220,22,168,True,,,,,
221,22,1,False,,,,,
222,22,35,True,,,,,
223,22,1,False,,,,,
224,22,26,True,,,,,
225,22,1,False,,,,,
226,22,1,False,,,,,
227,22,1,False,,,,,
228,22,34,True,,,,,
229,22,30,True,,,,,
230,22,965,False,,,,,
231,22,25,True,,,,,
232,22,30,True,,,,,
233,22,1915653,False,,,,,
234,22,24,True,,,,,
235,22,30,True,,,,,
236,22,1,False,,,,,
237,22,32,True,,,,,
238,22,53,True,,,,,
239,22,1,False,,,,,
240,22,27,True,,,,,
241,22,1,False,,,,,
242,22,5161,False,,,,,
243,22,1,False,,,,,
244,22,1,False,,,,,
245,22,36,True,,,,,
246,22,1,False,,,,,
247,22,15141,False,,,,,
248,22,1,False,,,,,
249,22,28,True,,,,,
250,22,24,True,,,,,
251,22,394501,False,,,,,
252,22,26,True,,,,,
253,22,148513,False,,,,,
254,22,1,False,,,,,
255,22,140323,False,,,,,
256,22,1,False,,,,,
257,22,37,True,,,,,
258,22,28,True,,,,,
259,22,32,True,,,,,
260,22,27953,False,,,,,
261,22,195585,False,,,,,
262,22,4649,False,,,,,
263,22,1,False,,,,,
264,22,1,False,,,,,
265,22,1224597,False,,,,,
266,22,1,False,,,,,
267,22,36859,False,,,,,
268,22,26,True,,,,,
269,22,1,False,,,,,
270,22,1,False,,,,,
271,22,24,True,,,,,
272,22,28,True,,,,,
273,22,26,True,,,,,
274,22,35,True,,,,,
275,22,30,True,,,,,
276,22,1,False,,,,,
277,22,29,True,,,,,
278,22,246489,False,,,,,
279,22,1,False,,,,,
280,22,30,True,,,,,
281,22,1,False,,,,,
282,22,1,False,,,,,
283,22,24,True,,,,,
284,22,1164241,False,,,,,
285,22,33,True,,,,,
286,22,201,False,,,,,
287,22,1,False,,,,,
288,22,2145,False,,,,,
289,22,181,True,,,,,
290,22,1,False,,,,,
291,22,31,True,,,,,
292,22,1,False,,,,,
293,22,35995,False,,,,,
294,22,1,False,,,,,
295,22,386,True,,,,,
296,22,25,True,,,,,
297,22,28,True,,,,,
298,22,35,True,,,,,
299,22,24,True,,,,,
300,22,24,True,,,,,
301,22,34,True,,,,,
302,22,223,True,,,,,
303,22,1,False,,,,,
304,22,27,True,,,,,
305,22,48465,False,,,,,
306,22,25,True,,,,,
307,22,26,True,,,,,
308,22,9177,False,,,,,
309,22,27,True,,,,,
310,22,1,False,,,,,
311,22,35,True,,,,,
312,22,1,False,,,,,
313,22,1,False,,,,,
314,22,1,False,,,,,
315,22,37,True,,,,,
316,22,29,True,,,,,
317,22,26,True,,,,,
318,22,25,True,,,,,
319,22,18153,False,,,,,
320,22,26,True,,,,,
321,22,34,True,,,,,
322,22,230557,False,,,,,
323,22,334375,False,,,,,
324,22,28,True,,,,,
325,22,1,False,,,,,
326,22,28,True,,,,,
327,22,765,False,,,,,
328,22,1,False,,,,,
329,22,1,False,,,,,
330,22,142,True,,,,,
331,22,1,False,,,,,
332,22,26,True,,,,,
333,22,28,True,,,,,
334,22,27,True,,,,,
335,22,3185,False,,,,,
336,22,43,True,,,,,
337,22,1791,False,,,,,
338,22,26,True,,,,,
339,22,29,True,,,,,
340,22,1453111,False,,,,,
341,22,24,True,,,,,
342,22,24,True,,,,,
343,22,1,False,,,,,
344,22,35,True,,,,,
345,22,34,True,,,,,
346,22,1828975,False,,,,,
347,22,42,True,,,,,
348,22,1105,False,,,,,
349,22,28,True,,,,,
350,22,35,True,,,,,
351,22,2061,False,,,,,
352,22,32,True,,,,,
353,22,35,True,,,,,
354,22,1,False,,,,,
355,22,38,True,,,,,
356,22,4562,True,,,,,
357,22,1,False,,,,,
358,22,1,False,,,,,
359,22,34,True,,,,,
360,22,441,True,,,,,
361,22,24,True,,,,,
362,22,30871,False,,,,,
363,22,7915,False,,,,,
364,22,61,True,,,,,
365,22,24,True,,,,,
366,22,186,True,,,,,
367,22,21361,False,,,,,
368,22,7975,False,,,,,
369,22,29,True,,,,,
370,22,1,False,,,,,
371,22,1,False,,,,,
372,22,40,True,,,,,
373,22,1,False,,,,,
374,22,1392337,False,,,,,
375,22,65,True,,,,,
376,22,30,True,,,,,
377,22,32,True,,,,,
378,22,40,True,,,,,
379,22,25,True,,,,,
380,22,35,True,,,,,
381,22,33,True,,,,,
382,22,1,False,,,,,
383,22,1,False,,,,,
384,22,5459,False,,,,,
385,22,107823,False,,,,,
386,22,618891,True,,,,,
387,22,24,True,,,,,
388,22,36,True,,,,,
389,22,33,True,,,,,
390,22,36,True,,,,,
391,22,32,True,,,,,
392,22,28,True,,,,,
393,22,28,True,,,,,
394,22,2611901,False,,,,,
395,22,1,False,,,,,
396,22,1,False,,,,,
397,22,26,True,,,,,
398,22,43,True,,,,,
399,22,27,True,,,,,
400,22,155883,False,,,,,
401,22,24,True,,,,,
402,22,1,False,,,,,
403,22,1,False,,,,,
404,22,25,True,,,,,
405,22,1191,False,,,,,
406,22,26,True,,,,,
407,22,27,True,,,,,
408,22,28,True,,,,,
409,22,28,True,,,,,
410,22,1,False,,,,,
411,22,29,True,,,,,
412,22,1,False,,,,,
413,22,37,True,,,,,
414,22,26,True,,,,,
415,22,1408109,False,,,,,
416,22,34,True,,,,,
417,22,25,True,,,,,
418,22,1,False,,,,,
419,22,24,True,,,,,
420,22,10819,False,,,,,
421,22,33,True,,,,,
422,22,1,False,,,,,
423,22,1799341,False,,,,,
424,22,41,True,,,,,
425,22,54723,True,,,,,
426,22,38,True,,,,,
427,22,326911,False,,,,,
428,22,24,True,,,,,
429,22,1,False,,,,,
430,22,27,True,,,,,
431,22,32,True,,,,,
432,22,36,True,,,,,
433,22,26,True,,,,,
434,22,33135,False,,,,,
435,22,93567,False,,,,,
436,22,30,True,,,,,
437,22,32,True,,,,,
438,22,1,False,,,,,
439,22,36,True,,,,,
440,22,28,True,,,,,
441,22,33,True,,,,,
442,22,25,True,,,,,
443,22,1,False,,,,,
444,22,15607,False,,,,,
445,22,862015,False,,,,,
446,22,26,True,,,,,
447,22,1,False,,,,,
448,22,25,True,,,,,
449,22,25,True,,,,,
450,22,24,True,,,,,
451,22,317707,False,,,,,
452,22,1,False,,,,,
453,22,1,False,,,,,
454,22,44,True,,,,,
455,22,37,True,,,,,
456,22,203,False,,,,,
457,22,34,True,,,,,
458,22,31,True,,,,,
459,22,26,True,,,,,
460,22,25,True,,,,,
461,22,1,False,,,,,
462,22,29,True,,,,,
463,22,24,True,,,,,
464,22,1,False,,,,,
465,22,33,True,,,,,
466,22,38,True,,,,,
467,22,24,True,,,,,
468,22,1,False,,,,,
469,22,7235,False,,,,,
470,22,1,False,,,,,
471,22,8157,False,,,,,
472,22,33,True,,,,,
473,22,29,True,,,,,
474,22,1,False,,,,,
475,22,24,True,,,,,
476,22,1,False,,,,,
477,22,26,True,,,,,
478,22,32,True,,,,,
479,22,36,True,,,,,
480,22,1,False,,,,,
481,22,41,True,,,,,
482,22,1,False,,,,,
483,22,29,True,,,,,
484,22,1,False,,,,,
485,22,30,True,,,,,
486,22,25,True,,,,,
487,22,38,True,,,,,
488,22,1,False,,,,,
489,22,28,True,,,,,
490,22,27,True,,,,,
491,22,8515,False,,,,,
492,22,8241,False,,,,,
493,22,32,True,,,,,
494,22,39,True,,,,,
495,22,58847,False,,,,,
496,22,1,False,,,,,
497,22,2271,True,,,,,
498,22,37,True,,,,,
499,22,37,True,,,,,
500,22,220311,False,,,,,
1,25,34,True,,,,,
2,25,45,True,,,,,
3,25,46,True,,,,,
4,25,483,True,,,,,
5,25,1,False,,,,,
6,25,37,True,,,,,
7,25,1,False,,,,,
8,25,61757,False,,,,,
9,25,48,True,,,,,
10,25,30,True,,,,,
11,25,27,True,,,,,
12,25,29,True,,,,,
13,25,1,False,,,,,
14,25,31,True,,,,,
15,25,1,False,,,,,
16,25,47,True,,,,,
17,25,37,True,,,,,
18,25,4990337,False,,,,,
19,25,1,False,,,,,
20,25,117,True,,,,,
21,25,41,True,,,,,
22,25,1,False,,,,,
23,25,19265,False,,,,,
24,25,1,False,,,,,
25,25,1,False,,,,,
26,25,141377,False,,,,,
27,25,36,True,,,,,
28,25,47,True,,,,,
29,25,43,True,,,,,
30,25,1,False,,,,,
31,25,1,False,,,,,
32,25,24919553,False,,,,,
33,25,1,False,,,,,
34,25,104,True,,,,,
35,25,1,False,,,,,
36,25,46,True,,,,,
37,25,28,True,,,,,
38,25,1676939,False,,,,,
39,25,36,True,,,,,
40,25,30,True,,,,,
41,25,71115,False,,,,,
42,25,32,True,,,,,
43,25,1,False,,,,,
44,25,1,False,,,,,
45,25,99,False,,,,,
46,25,27,True,,,,,
47,25,1,False,,,,,
48,25,38,True,,,,,
49,25,1,False,,,,,
50,25,366003,False,,,,,
51,25,1,False,,,,,
52,25,34,True,,,,,
53,25,27,True,,,,,
54,25,41,True,,,,,
55,25,1,False,,,,,
56,25,20715,False,,,,,
57,25,28,True,,,,,
58,25,384327,False,,,,,
59,25,23820689,False,,,,,
60,25,38,True,,,,,
61,25,27,True,,,,,
62,25,1,False,,,,,
63,25,1,False,,,,,
64,25,163973,False,,,,,
65,25,1,False,,,,,
66,25,30,True,,,,,
67,25,1,False,,,,,
68,25,27,True,,,,,
69,25,1,False,,,,,
70,25,1,False,,,,,
71,25,40,True,,,,,
72,25,42,True,,,,,
73,25,35,True,,,,,
74,25,1,False,,,,,
75,25,1,False,,,,,
76,25,34,True,,,,,
77,25,1,False,,,,,
78,25,21213953,False,,,,,
79,25,47,True,,,,,
80,25,39,True,,,,,
81,25,125675,False,,,,,
82,25,37,True,,,,,
83,25,35,True,,,,,
84,25,93351,False,,,,,
85,25,16647649,False,,,,,
86,25,1,False,,,,,
87,25,1,False,,,,,
88,25,1,False,,,,,
89,25,1,False,,,,,
90,25,47,True,,,,,
91,25,6457447,False,,,,,
92,25,1,False,,,,,
93,25,6424809,False,,,,,
94,25,1,False,,,,,
95,25,39,True,,,,,
96,25,37,True,,,,,
97,25,1,False,,,,,
98,25,40,True,,,,,
99,25,5683157,False,,,,,
100,25,28,True,,,,,
101,25,31,True,,,,,
102,25,47,True,,,,,
103,25,36,True,,,,,
104,25,1,False,,,,,
105,25,1,False,,,,,
106,25,1,False,,,,,
107,25,1,False,,,,,
108,25,34,True,,,,,
109,25,44,True,,,,,
110,25,1,False,,,,,
111,25,27,True,,,,,
112,25,2971533,False,,,,,
113,25,1,False,,,,,
114,25,7910,True,,,,,
115,25,3089,False,,,,,
116,25,1,False,,,,,
117,25,1,False,,,,,
118,25,41,True,,,,,
119,25,1,False,,,,,
120,25,1,False,,,,,
121,25,30,True,,,,,
122,25,632,True,,,,,
123,25,149959,False,,,,,
124,25,29,True,,,,,
125,25,33,True,,,,,
126,25,1,False,,,,,
127,25,3612765,False,,,,,
128,25,1,False,,,,,
129,25,59,True,,,,,
130,25,388447,False,,,,,
131,25,1,False,,,,,
132,25,9796293,False,,,,,
133,25,36,True,,,,,
134,25,34,True,,,,,
135,25,1,False,,,,,
136,25,29,True,,,,,
137,25,1,False,,,,,
138,25,45,True,,,,,
139,25,28,True,,,,,
140,25,1,False,,,,,
141,25,30,True,,,,,
142,25,49,True,,,,,
143,25,35,True,,,,,
144,25,171,True,,,,,
145,25,1,False,,,,,
146,25,40,True,,,,,
147,25,4703793,False,,,,,
148,25,1,False,,,,,
149,25,1,False,,,,,
150,25,34,True,,,,,
151,25,1,False,,,,,
152,25,1,False,,,,,
153,25,47,True,,,,,
154,25,29,True,,,,,
155,25,1,False,,,,,
156,25,40,True,,,,,
157,25,1,False,,,,,
158,25,36,True,,,,,
159,25,30,True,,,,,
160,25,1,False,,,,,
161,25,38,True,,,,,
162,25,37,True,,,,,
163,25,1,False,,,,,
164,25,2543,False,,,,,
165,25,37,True,,,,,
166,25,16895,False,,,,,
167,25,1,False,,,,,
168,25,7525593,False,,,,,
169,25,43,True,,,,,
170,25,1,False,,,,,
171,25,7231315,False,,,,,
172,25,1,False,,,,,
173,25,1,False,,,,,
174,25,28,True,,,,,
175,25,33,True,,,,,
176,25,1,False,,,,,
177,25,1,False,,,,,
178,25,1,False,,,,,
179,25,97,False,,,,,
180,25,1,False,,,,,
181,25,48,True,,,,,
182,25,1,False,,,,,
183,25,33,True,,,,,
184,25,9494135,False,,,,,
185,25,47,True,,,,,
186,25,28,True,,,,,
187,25,834551,False,,,,,
188,25,1,False,,,,,
189,25,34,True,,,,,
190,25,1,False,,,,,
191,25,1,False,,,,,
192,25,1,False,,,,,
193,25,35,True,,,,,
194,25,1,False,,,,,
195,25,10286433,False,,,,,
196,25,36,True,,,,,
197,25,1,False,,,,,
198,25,33,True,,,,,
199,25,39,True,,,,,
200,25,38,True,,,,,
201,25,29,True,,,,,
202,25,1,False,,,,,
203,25,37,True,,,,,
204,25,1,False,,,,,
205,25,36,True,,,,,
206,25,38,True,,,,,
207,25,1,False,,,,,
208,25,1,False,,,,,
209,25,1,False,,,,,
210,25,4810645,False,,,,,
211,25,27,True,,,,,
212,25,37,True,,,,,
213,25,167,True,,,,,
214,25,27,True,,,,,
215,25,275619,False,,,,,
216,25,12297983,False,,,,,
217,25,1093,False,,,,,
218,25,15056909,False,,,,,
219,25,31161,False,,,,,
220,25,15998,True,,,,,
221,25,1,False,,,,,
222,25,36,True,,,,,
223,25,1,False,,,,,
224,25,38,True,,,,,
225,25,1170007,False,,,,,
226,25,1498039,False,,,,,
227,25,1,False,,,,,
228,25,41,True,,,,,
229,25,32,True,,,,,
230,25,1,False,,,,,
231,25,36,True,,,,,
232,25,38,True,,,,,
233,25,4913797,False,,,,,
234,25,41,True,,,,,
235,25,29,True,,,,,
236,25,1,False,,,,,
237,25,35,True,,,,,
238,25,186,True,,,,,
239,25,1,False,,,,,
240,25,31,True,,,,,
241,25,1,False,,,,,
242,25,4068607,False,,,,,
243,25,331997,False,,,,,
244,25,1,False,,,,,
245,25,37,True,,,,,
246,25,1,False,,,,,
247,25,1968379,False,,,,,
248,25,1,False,,,,,
249,25,28,True,,,,,
250,25,33,True,,,,,
251,25,1,False,,,,,
252,25,31,True,,,,,
253,25,958161,False,,,,,
254,25,1,False,,,,,
255,25,1,False,,,,,
256,25,943305,False,,,,,
257,25,29,True,,,,,
258,25,39,True,,,,,
259,25,46,True,,,,,
260,25,7190567,False,,,,,
261,25,15769273,False,,,,,
262,25,154449,False,,,,,
263,25,57933,False,,,,,
264,25,1,False,,,,,
265,25,3227471,False,,,,,
266,25,1,False,,,,,
267,25,1,False,,,,,
268,25,34,True,,,,,
269,25,1,False,,,,,
270,25,1,False,,,,,
271,25,499,True,,,,,
272,25,28,True,,,,,
273,25,28,True,,,,,
274,25,40,True,,,,,
275,25,35,True,,,,,
276,25,1,False,,,,,
277,25,27,True,,,,,
278,25,9351009,False,,,,,
279,25,1,False,,,,,
280,25,33,True,,,,,
281,25,23885,False,,,,,
282,25,1232237,False,,,,,
283,25,39,True,,,,,
284,25,1,False,,,,,
285,25,196,True,,,,,
286,25,11770845,False,,,,,
287,25,1,False,,,,,
288,25,1,False,,,,,
289,25,216,True,,,,,
290,25,1,False,,,,,
291,25,42,True,,,,,
292,25,1,False,,,,,
293,25,421,False,,,,,
294,25,17247653,False,,,,,
295,25,36,True,,,,,
296,25,38,True,,,,,
297,25,30,True,,,,,
298,25,38,True,,,,,
299,25,39,True,,,,,
300,25,165,True,,,,,
301,25,47,True,,,,,
302,25,39,True,,,,,
303,25,1,False,,,,,
304,25,45,True,,,,,
305,25,1,False,,,,,
306,25,97,True,,,,,
307,25,28,True,,,,,
308,25,1,False,,,,,
309,25,28,True,,,,,
310,25,1,False,,,,,
311,25,45,True,,,,,
312,25,4998183,False,,,,,
313,25,1,False,,,,,
314,25,1,False,,,,,
315,25,32,True,,,,,
316,25,34,True,,,,,
317,25,42,True,,,,,
318,25,34,True,,,,,
319,25,1,False,,,,,
320,25,34,True,,,,,
321,25,40,True,,,,,
322,25,1,False,,,,,
323,25,13395323,False,,,,,
324,25,31,True,,,,,
325,25,14315,False,,,,,
326,25,31,True,,,,,
327,25,1,False,,,,,
328,25,1850511,False,,,,,
329,25,1,False,,,,,
330,25,86,True,,,,,
331,25,1,False,,,,,
332,25,28,True,,,,,
333,25,44,True,,,,,
334,25,30,True,,,,,
335,25,153019,False,,,,,
336,25,34,True,,,,,
337,25,8417813,False,,,,,
338,25,35,True,,,,,
339,25,31,True,,,,,
340,25,1534053,False,,,,,
341,25,47,True,,,,,
342,25,33,True,,,,,
343,25,4598507,False,,,,,
344,25,34,True,,,,,
345,25,36,True,,,,,
346,25,2316471,False,,,,,
347,25,38,True,,,,,
348,25,1,False,,,,,
349,25,41,True,,,,,
350,25,32,True,,,,,
351,25,1,False,,,,,
352,25,37,True,,,,,
353,25,29,True,,,,,
354,25,481085,False,,,,,
355,25,40,True,,,,,
356,25,3929,True,,,,,
357,25,1,False,,,,,
358,25,1,False,,,,,
359,25,32,True,,,,,
360,25,12210,True,,,,,
361,25,41,True,,,,,
362,25,120833,False,,,,,
363,25,1,False,,,,,
364,25,43,True,,,,,
365,25,157,True,,,,,
366,25,35,True,,,,,
367,25,1,False,,,,,
368,25,235,False,,,,,
369,25,27,True,,,,,
370,25,1,False,,,,,
371,25,1,False,,,,,
372,25,29,True,,,,,
373,25,1,False,,,,,
374,25,1376743,False,,,,,
375,25,695,True,,,,,
376,25,38,True,,,,,
377,25,39,True,,,,,
378,25,37,True,,,,,
379,25,38,True,,,,,
380,25,29,True,,,,,
381,25,47,True,,,,,
382,25,1,False,,,,,
383,25,249,False,,,,,
384,25,1,False,,,,,
385,25,1,False,,,,,
386,25,1809969,True,,,,,
387,25,28,True,,,,,
388,25,28,True,,,,,
389,25,35,True,,,,,
390,25,28,True,,,,,
391,25,41,True,,,,,
392,25,32,True,,,,,
393,25,28,True,,,,,
394,25,15838627,False,,,,,
395,25,8729,False,,,,,
396,25,1,False,,,,,
397,25,39,True,,,,,
398,25,338,True,,,,,
399,25,35,True,,,,,
400,25,1,False,,,,,
401,25,149,True,,,,,
402,25,1,False,,,,,
403,25,2443141,False,,,,,
404,25,27,True,,,,,
405,25,1,False,,,,,
406,25,29,True,,,,,
407,25,31,True,,,,,
408,25,39,True,,,,,
409,25,155,True,,,,,
410,25,1,False,,,,,
411,25,40,True,,,,,
412,25,5037261,False,,,,,
413,25,31,True,,,,,
414,25,42,True,,,,,
415,25,69249,False,,,,,
416,25,176,True,,,,,
417,25,41,True,,,,,
418,25,1,False,,,,,
419,25,79,True,,,,,
420,25,1,False,,,,,
421,25,32,True,,,,,
422,25,1,False,,,,,
423,25,6015351,False,,,,,
424,25,5660,True,,,,,
425,25,638,True,,,,,
426,25,38,True,,,,,
427,25,347489,False,,,,,
428,25,28,True,,,,,
429,25,1,False,,,,,
430,25,48,True,,,,,
431,25,32,True,,,,,
432,25,30,True,,,,,
433,25,27,True,,,,,
434,25,1853,False,,,,,
435,25,1,False,,,,,
436,25,33,True,,,,,
437,25,32,True,,,,,
438,25,1,False,,,,,
439,25,27,True,,,,,
440,25,45,True,,,,,
441,25,31,True,,,,,
442,25,30,True,,,,,
443,25,1,False,,,,,
444,25,7691177,False,,,,,
445,25,7362111,False,,,,,
446,25,33,True,,,,,
447,25,90759,False,,,,,
448,25,43,True,,,,,
449,25,30,True,,,,,
450,25,34,True,,,,,
451,25,265571,False,,,,,
452,25,1,False,,,,,
453,25,1,False,,,,,
454,25,27,True,,,,,
455,25,41,True,,,,,
456,25,1,False,,,,,
457,25,38,True,,,,,
458,25,36,True,,,,,
459,25,31,True,,,,,
460,25,34,True,,,,,
461,25,1,False,,,,,
462,25,27,True,,,,,
463,25,35,True,,,,,
464,25,3743871,False,,,,,
465,25,44,True,,,,,
466,25,41,True,,,,,
467,25,51,True,,,,,
468,25,1,False,,,,,
469,25,587,False,,,,,
470,25,1,False,,,,,
471,25,1,False,,,,,
472,25,32,True,,,,,
473,25,31,True,,,,,
474,25,75715,False,,,,,
475,25,49,True,,,,,
476,25,7475,False,,,,,
477,25,28,True,,,,,
478,25,45,True,,,,,
479,25,33,True,,,,,
480,25,1,False,,,,,
481,25,31,True,,,,,
482,25,1,False,,,,,
483,25,28,True,,,,,
484,25,5262863,False,,,,,
485,25,27,True,,,,,
486,25,48,True,,,,,
487,25,1133,True,,,,,
488,25,1,False,,,,,
489,25,30,True,,,,,
490,25,35,True,,,,,
491,25,93183,False,,,,,
492,25,1,False,,,,,
493,25,32,True,,,,,
494,25,31,True,,,,,
495,25,20989,False,,,,,
496,25,1,False,,,,,
497,25,62052,True,,,,,
498,25,33,True,,,,,
499,25,29,True,,,,,
500,25,1,False,,,,,
1,27,30,True,,,,,
2,27,29,True,,,,,
3,27,41,True,,,,,
4,27,2705,True,,,,,
5,27,2115007,False,,,,,
6,27,38,True,,,,,
7,27,1,False,,,,,
8,27,1,False,,,,,
9,27,29,True,,,,,
10,27,34,True,,,,,
11,27,44,True,,,,,
12,27,31,True,,,,,
13,27,59895155,False,,,,,
14,27,33,True,,,,,
15,27,1,False,,,,,
16,27,39,True,,,,,
17,27,33,True,,,,,
18,27,216845,False,,,,,
19,27,1,False,,,,,
20,27,62,True,,,,,
21,27,41,True,,,,,
22,27,1,False,,,,,
23,27,50505,False,,,,,
24,27,71229759,False,,,,,
25,27,1,False,,,,,
26,27,82695105,False,,,,,
27,27,41,True,,,,,
28,27,29,True,,,,,
29,27,41,True,,,,,
30,27,1,False,,,,,
31,27,45042735,False,,,,,
32,27,40729025,False,,,,,
33,27,1,False,,,,,
34,27,2050,True,,,,,
35,27,2514351,False,,,,,
36,27,36,True,,,,,
37,27,240,True,,,,,
38,27,1,False,,,,,
39,27,36,True,,,,,
40,27,33,True,,,,,
41,27,60170691,False,,,,,
42,27,44,True,,,,,
43,27,1,False,,,,,
44,27,1,False,,,,,
45,27,102935967,False,,,,,
46,27,49,True,,,,,
47,27,1,False,,,,,
48,27,41,True,,,,,
49,27,1,False,,,,,
50,27,1,False,,,,,
51,27,124109841,False,,,,,
52,27,39,True,,,,,
53,27,29,True,,,,,
54,27,34,True,,,,,
55,27,1,False,,,,,
56,27,5254199,False,,,,,
57,27,38,True,,,,,
58,27,9834395,False,,,,,
59,27,74327445,False,,,,,
60,27,45,True,,,,,
61,27,42,True,,,,,
62,27,1,False,,,,,
63,27,1,False,,,,,
64,27,1,False,,,,,
65,27,1,False,,,,,
66,27,32,True,,,,,
67,27,32015,False,,,,,
68,27,39,True,,,,,
69,27,1,False,,,,,
70,27,1,False,,,,,
71,27,39,True,,,,,
72,27,32,True,,,,,
73,27,30,True,,,,,
74,27,28556159,False,,,,,
75,27,1,False,,,,,
76,27,40,True,,,,,
77,27,1,False,,,,,
78,27,13742489,False,,,,,
79,27,31,True,,,,,
80,27,34,True,,,,,
81,27,1,False,,,,,
82,27,32,True,,,,,
83,27,29,True,,,,,
84,27,105,False,,,,,
85,27,37637169,False,,,,,
86,27,1,False,,,,,
87,27,1133,False,,,,,
88,27,1,False,,,,,
89,27,1,False,,,,,
90,27,41,True,,,,,
91,27,28203,False,,,,,
92,27,1,False,,,,,
93,27,1,False,,,,,
94,27,1,False,,,,,
95,27,40,True,,,,,
96,27,31,True,,,,,
97,27,1,False,,,,,
98,27,39,True,,,,,
99,27,339185,False,,,,,
100,27,45,True,,,,,
101,27,48,True,,,,,
102,27,42,True,,,,,
103,27,32,True,,,,,
104,27,1,False,,,,,
105,27,1,False,,,,,
106,27,1,False,,,,,
107,27,1,False,,,,,
108,27,37,True,,,,,
109,27,32,True,,,,,
110,27,1,False,,,,,
111,27,13218,True,,,,,
112,27,1,False,,,,,
113,27,1,False,,,,,
114,27,134,True,,,,,
115,27,1141,False,,,,,
116,27,1,False,,,,,
117,27,1,False,,,,,
118,27,35,True,,,,,
119,27,1,False,,,,,
120,27,1,False,,,,,
121,27,31,True,,,,,
122,27,1646,True,,,,,
123,27,831625,False,,,,,
124,27,33,True,,,,,
125,27,37,True,,,,,
126,27,1,False,,,,,
127,27,1,False,,,,,
128,27,1,False,,,,,
129,27,60,True,,,,,
130,27,332707,False,,,,,
131,27,1,False,,,,,
132,27,4479639,False,,,,,
133,27,35,True,,,,,
134,27,34,True,,,,,
135,27,1,False,,,,,
136,27,34,True,,,,,
137,27,593213,False,,,,,
138,27,136,True,,,,,
139,27,51,True,,,,,
140,27,1133323,False,,,,,
141,27,35,True,,,,,
142,27,44,True,,,,,
143,27,31,True,,,,,
144,27,513,True,,,,,
145,27,39674121,False,,,,,
146,27,38,True,,,,,
147,27,1,False,,,,,
148,27,1,False,,,,,
149,27,1,False,,,,,
150,27,49,True,,,,,
151,27,321,False,,,,,
152,27,1,False,,,,,
153,27,40,True,,,,,
154,27,31,True,,,,,
155,27,1,False,,,,,
156,27,55,True,,,,,
157,27,1280993,False,,,,,
158,27,46,True,,,,,
159,27,32,True,,,,,
160,27,1,False,,,,,
161,27,31,True,,,,,
162,27,31,True,,,,,
163,27,1,False,,,,,
164,27,73290137,False,,,,,
165,27,30,True,,,,,
166,27,1,False,,,,,
167,27,22607,False,,,,,
168,27,121584247,False,,,,,
169,27,36,True,,,,,
170,27,6890513,False,,,,,
171,27,1,False,,,,,
172,27,1,False,,,,,
173,27,149,False,,,,,
174,27,41,True,,,,,
175,27,43,True,,,,,
176,27,1,False,,,,,
177,27,1,False,,,,,
178,27,1,False,,,,,
179,27,1,False,,,,,
180,27,2725389,False,,,,,
181,27,36,True,,,,,
182,27,1,False,,,,,
183,27,48,True,,,,,
184,27,1,False,,,,,
185,27,7417,True,,,,,
186,27,45,True,,,,,
187,27,1,False,,,,,
188,27,1,False,,,,,
189,27,30,True,,,,,
190,27,1,False,,,,,
191,27,1,False,,,,,
192,27,1,False,,,,,
193,27,34,True,,,,,
194,27,657283,False,,,,,
195,27,7498329,False,,,,,
196,27,29,True,,,,,
197,27,7646545,False,,,,,
198,27,48,True,,,,,
199,27,53,True,,,,,
200,27,151,True,,,,,
201,27,46,True,,,,,
202,27,3628511,False,,,,,
203,27,41,True,,,,,
204,27,1,False,,,,,
205,27,32,True,,,,,
206,27,31,True,,,,,
207,27,780223,False,,,,,
208,27,1,False,,,,,
209,27,1,False,,,,,
210,27,37381917,False,,,,,
211,27,38,True,,,,,
212,27,33,True,,,,,
213,27,29,True,,,,,
214,27,36,True,,,,,
215,27,520883,False,,,,,
216,27,55069003,False,,,,,
217,27,625581,False,,,,,
218,27,3607243,False,,,,,
219,27,1,False,,,,,
220,27,305,True,,,,,
221,27,840447,False,,,,,
222,27,35,True,,,,,
223,27,131851,False,,,,,
224,27,37,True,,,,,
225,27,1,False,,,,,
226,27,1,False,,,,,
227,27,3506641,False,,,,,
228,27,40,True,,,,,
229,27,36,True,,,,,
230,27,1,False,,,,,
231,27,54,True,,,,,
232,27,44,True,,,,,
233,27,9579,False,,,,,
234,27,53,True,,,,,
235,27,51,True,,,,,
236,27,1,False,,,,,
237,27,30,True,,,,,
238,27,101,True,,,,,
239,27,1,False,,,,,
240,27,45,True,,,,,
241,27,1,False,,,,,
242,27,2226553,False,,,,,
243,27,58878315,False,,,,,
244,27,1,False,,,,,
245,27,49,True,,,,,
246,27,1,False,,,,,
247,27,1,False,,,,,
248,27,1,False,,,,,
249,27,43,True,,,,,
250,27,35,True,,,,,
251,27,1,False,,,,,
252,27,47,True,,,,,
253,27,1,False,,,,,
254,27,1,False,,,,,
255,27,1,False,,,,,
256,27,7499,False,,,,,
257,27,30,True,,,,,
258,27,37,True,,,,,
259,27,45,True,,,,,
260,27,54755375,False,,,,,
261,27,205979,False,,,,,
262,27,595,False,,,,,
263,27,1,False,,,,,
264,27,6835551,False,,,,,
265,27,1,False,,,,,
266,27,1,False,,,,,
267,27,1,False,,,,,
268,27,37,True,,,,,
269,27,10950841,False,,,,,
270,27,1,False,,,,,
271,27,24137,True,,,,,
272,27,34,True,,,,,
273,27,118,True,,,,,
274,27,30,True,,,,,
275,27,31,True,,,,,
276,27,1839,False,,,,,
277,27,41,True,,,,,
278,27,1,False,,,,,
279,27,1,False,,,,,
280,27,43,True,,,,,
281,27,1,False,,,,,
282,27,55,True,,,,,
283,27,47,True,,,,,
284,27,1,False,,,,,
285,27,31,True,,,,,
286,27,2966757,False,,,,,
287,27,1,False,,,,,
288,27,1,False,,,,,
289,27,20679,True,,,,,
290,27,68323,False,,,,,
291,27,38,True,,,,,
292,27,1,False,,,,,
293,27,1,False,,,,,
294,27,16689,False,,,,,
295,27,4755,True,,,,,
296,27,31,True,,,,,
297,27,46,True,,,,,
298,27,49,True,,,,,
299,27,35,True,,,,,
300,27,52,True,,,,,
301,27,30,True,,,,,
302,27,33,True,,,,,
303,27,116651,False,,,,,
304,27,33,True,,,,,
305,27,1,False,,,,,
306,27,36,True,,,,,
307,27,40,True,,,,,
308,27,172005,False,,,,,
309,27,37,True,,,,,
310,27,1,False,,,,,
311,27,38,True,,,,,
312,27,1,False,,,,,
313,27,1,False,,,,,
314,27,1,False,,,,,
315,27,43,True,,,,,
316,27,35,True,,,,,
317,27,36,True,,,,,
318,27,33,True,,,,,
319,27,1,False,,,,,
320,27,53,True,,,,,
321,27,43,True,,,,,
322,27,1,False,,,,,
323,27,1,False,,,,,
324,27,39,True,,,,,
325,27,1,False,,,,,
326,27,33,True,,,,,
327,27,17605,False,,,,,
328,27,80007211,False,,,,,
329,27,715,False,,,,,
330,27,111,True,,,,,
331,27,2013,False,,,,,
332,27,44,True,,,,,
333,27,33,True,,,,,
334,27,43,True,,,,,
335,27,725349,False,,,,,
336,27,42,True,,,,,
337,27,1,False,,,,,
338,27,44,True,,,,,
339,27,43,True,,,,,
340,27,177139,False,,,,,
341,27,31,True,,,,,
342,27,1129,True,,,,,
343,27,1,False,,,,,
344,27,43,True,,,,,
345,27,46,True,,,,,
346,27,1,False,,,,,
347,27,30,True,,,,,
348,27,1,False,,,,,
349,27,30,True,,,,,
350,27,260,True,,,,,
351,27,1,False,,,,,
352,27,36,True,,,,,
353,27,32,True,,,,,
354,27,1,False,,,,,
355,27,31,True,,,,,
356,27,120,True,,,,,
357,27,1,False,,,,,
358,27,284319,False,,,,,
359,27,40,True,,,,,
360,27,3062,True,,,,,
361,27,40,True,,,,,
362,27,1,False,,,,,
363,27,1,False,,,,,
364,27,41,True,,,,,
365,27,2845,True,,,,,
366,27,602,True,,,,,
367,27,1,False,,,,,
368,27,1,False,,,,,
369,27,41,True,,,,,
370,27,279,False,,,,,
371,27,1,False,,,,,
372,27,30,True,,,,,
373,27,1,False,,,,,
374,27,1,False,,,,,
375,27,40,True,,,,,
376,27,44,True,,,,,
377,27,32,True,,,,,
378,27,35,True,,,,,
379,27,32,True,,,,,
380,27,88,True,,,,,
381,27,48,True,,,,,
382,27,1,False,,,,,
383,27,1,False,,,,,
384,27,1,False,,,,,
385,27,861335,False,,,,,
386,27,424,True,,,,,
387,27,35,True,,,,,
388,27,33,True,,,,,
389,27,41,True,,,,,
390,27,30,True,,,,,
391,27,29,True,,,,,
392,27,51,True,,,,,
393,27,34,True,,,,,
394,27,1,False,,,,,
395,27,1,False,,,,,
396,27,1,False,,,,,
397,27,35,True,,,,,
398,27,3542051,True,,,,,
399,27,38,True,,,,,
400,27,1,False,,,,,
401,27,31,True,,,,,
402,27,316877,False,,,,,
403,27,1,False,,,,,
404,27,43,True,,,,,
405,27,2794727,False,,,,,
406,27,45,True,,,,,
407,27,42,True,,,,,
408,27,49,True,,,,,
409,27,12888,True,,,,,
410,27,1,False,,,,,
411,27,53,True,,,,,
412,27,1,False,,,,,
413,27,43,True,,,,,
414,27,37,True,,,,,
415,27,1,False,,,,,
416,27,41,True,,,,,
417,27,36,True,,,,,
418,27,1,False,,,,,
419,27,52,True,,,,,
420,27,1,False,,,,,
421,27,39,True,,,,,
422,27,1,False,,,,,
423,27,13102513,False,,,,,
424,27,39,True,,,,,
425,27,5987,True,,,,,
426,27,45,True,,,,,
427,27,1,False,,,,,
428,27,52,True,,,,,
429,27,1,False,,,,,
430,27,32,True,,,,,
431,27,38,True,,,,,
432,27,34,True,,,,,
433,27,47,True,,,,,
434,27,1030375,False,,,,,
435,27,1,False,,,,,
436,27,40,True,,,,,
437,27,29,True,,,,,
438,27,379,False,,,,,
439,27,36,True,,,,,
440,27,34,True,,,,,
441,27,42,True,,,,,
442,27,31,True,,,,,
443,27,1,False,,,,,
444,27,30354209,False,,,,,
445,27,1,False,,,,,
446,27,44,True,,,,,
447,27,533839,False,,,,,
448,27,30,True,,,,,
449,27,41,True,,,,,
450,27,47,True,,,,,
451,27,1,False,,,,,
452,27,1,False,,,,,
453,27,1,False,,,,,
454,27,49,True,,,,,
455,27,32,True,,,,,
456,27,1574753,False,,,,,
457,27,38,True,,,,,
458,27,33,True,,,,,
459,27,48,True,,,,,
460,27,45,True,,,,,
461,27,1,False,,,,,
462,27,31,True,,,,,
463,27,43,True,,,,,
464,27,854107,False,,,,,
465,27,32,True,,,,,
466,27,36,True,,,,,
467,27,29,True,,,,,
468,27,1,False,,,,,
469,27,13323,False,,,,,
470,27,1,False,,,,,
471,27,34103,False,,,,,
472,27,47,True,,,,,
473,27,29,True,,,,,
474,27,1,False,,,,,
475,27,38,True,,,,,
476,27,1,False,,,,,
477,27,31,True,,,,,
478,27,34,True,,,,,
479,27,50,True,,,,,
480,27,1,False,,,,,
481,27,39,True,,,,,
482,27,1,False,,,,,
483,27,34,True,,,,,
484,27,1,False,,,,,
485,27,29,True,,,,,
486,27,37,True,,,,,
487,27,1154,True,,,,,
488,27,586041,False,,,,,
489,27,45,True,,,,,
490,27,45,True,,,,,
491,27,1,False,,,,,
492,27,160307,False,,,,,
493,27,31,True,,,,,
494,27,31,True,,,,,
495,27,1,False,,,,,
496,27,11884557,False,,,,,
497,27,35,True,,,,,
498,27,39,True,,,,,
499,27,45,True,,,,,
500,27,1463145,False,,,,,
1,30,48,True,,13806235273,9973840801,3832394472,WeightDesc
2,30,42,True,,6765183399,9973840801,-3208657402,PriceAsc
3,30,47,True,,9695089858,9973840801,-278750943,WeightAsc
4,30,33,True,,8962580896,9973840801,-1011259905,PriceAndWeightAsc
5,30,1,False,,13806235103,,,PriceAndWeightDesc
6,30,41,True,,,,,
7,30,1,False,,,,,
8,30,1,False,,,,,
9,30,54,True,,,,,
10,30,61,True,,,,,
11,30,51,True,,,,,
12,30,39,True,,,,,
13,30,390294795,False,,,,,
14,30,37,True,,,,,
15,30,1,False,,,,,
16,30,36,True,,,,,
17,30,41,True,,,,,
18,30,433807623,False,,,,,
19,30,1,False,,,,,
20,30,34,True,,,,,
21,30,61,True,,,,,
22,30,1,False,,,,,
23,30,1,False,,,,,
24,30,10947749,False,,,,,
25,30,2012663,False,,,,,
26,30,38433799,False,,,,,
27,30,54,True,,,,,
28,30,53,True,,,,,
29,30,46,True,,,,,
30,30,1,False,,,,,
31,30,1,False,,,,,
32,30,1016862113,False,,,,,
33,30,241573,False,,,,,
34,30,354,True,,,,,
35,30,1,False,,,,,
36,30,51,True,,,,,
37,30,43482,True,,,,,
38,30,61,True,,,,,
39,30,51,True,,,,,
40,30,34,True,,,,,
41,30,1,False,,,,,
42,30,47,True,,,,,
43,30,915073,False,,,,,
44,30,1,False,,,,,
45,30,467655279,False,,,,,
46,30,49,True,,,,,
47,30,1,False,,,,,
48,30,45,True,,,,,
49,30,70765,False,,,,,
50,30,1,False,,,,,
51,30,1,False,,,,,
52,30,55,True,,,,,
53,30,40,True,,,,,
54,30,36,True,,,,,
55,30,11023809,False,,,,,
56,30,51509009,False,,,,,
57,30,34,True,,,,,
58,30,336055,False,,,,,
59,30,730709095,False,,,,,
60,30,43,True,,,,,
61,30,32,True,,,,,
62,30,61,True,,,,,
63,30,1,False,,,,,
64,30,1,False,,,,,
65,30,9215085,False,,,,,
66,30,34,True,,,,,
67,30,164669,False,,,,,
68,30,49,True,,,,,
69,30,1,False,,,,,
70,30,1,False,,,,,
71,30,33,True,,,,,
72,30,32,True,,,,,
73,30,39,True,,,,,
74,30,1,False,,,,,
75,30,9963575,False,,,,,
76,30,36,True,,,,,
77,30,1,False,,,,,
78,30,899123689,False,,,,,
79,30,44,True,,,,,
80,30,42,True,,,,,
81,30,1,False,,,,,
82,30,38,True,,,,,
83,30,40,True,,,,,
84,30,19411339,False,,,,,
85,30,556031141,False,,,,,
86,30,1,False,,,,,
87,30,52875405,False,,,,,
88,30,1,False,,,,,
89,30,1,False,,,,,
90,30,44,True,,,,,
91,30,6633,False,,,,,
92,30,3661031,False,,,,,
93,30,1680463,False,,,,,
94,30,1,False,,,,,
95,30,37,True,,,,,
96,30,42,True,,,,,
97,30,1,False,,,,,
98,30,36,True,,,,,
99,30,1,False,,,,,
100,30,35,True,,,,,
101,30,50,True,,,,,
102,30,42,True,,,,,
103,30,45,True,,,,,
104,30,12095,False,,,,,
105,30,2959377,False,,,,,
106,30,1163107,False,,,,,
107,30,12308885,False,,,,,
108,30,37,True,,,,,
109,30,44,True,,,,,
110,30,6567,False,,,,,
111,30,34,True,,,,,
112,30,1,False,,,,,
113,30,60391,False,,,,,
114,30,35,True,,,,,
115,30,1,False,,,,,
116,30,1,False,,,,,
117,30,1,False,,,,,
118,30,47,True,,,,,
119,30,17059611,False,,,,,
120,30,773,False,,,,,
121,30,49,True,,,,,
122,30,32,True,,,,,
123,30,12283945,False,,,,,
124,30,44,True,,,,,
125,30,39,True,,,,,
126,30,410708255,False,,,,,
127,30,1,False,,,,,
128,30,1,False,,,,,
129,30,71,True,,,,,
130,30,2093,False,,,,,
131,30,1,False,,,,,
132,30,686210405,False,,,,,
133,30,36,True,,,,,
134,30,42,True,,,,,
135,30,167460133,False,,,,,
136,30,37,True,,,,,
137,30,1,False,,,,,
138,30,36,True,,,,,
139,30,51,True,,,,,
140,30,1,False,,,,,
141,30,52,True,,,,,
142,30,51,True,,,,,
143,30,32,True,,,,,
144,30,324,True,,,,,
145,30,154652077,False,,,,,
146,30,37,True,,,,,
147,30,5208903,False,,,,,
148,30,6002513,False,,,,,
149,30,1,False,,,,,
150,30,35,True,,,,,
151,30,1,False,,,,,
152,30,1,False,,,,,
153,30,39,True,,,,,
154,30,34,True,,,,,
155,30,1,False,,,,,
156,30,43,True,,,,,
157,30,1,False,,,,,
158,30,34,True,,,,,
159,30,45,True,,,,,
160,30,1,False,,,,,
161,30,35,True,,,,,
162,30,33,True,,,,,
163,30,1,False,,,,,
164,30,471456137,False,,,,,
165,30,53,True,,,,,
166,30,1,False,,,,,
167,30,955,False,,,,,
168,30,196915085,False,,,,,
169,30,41,True,,,,,
170,30,1,False,,,,,
171,30,124307,False,,,,,
172,30,1,False,,,,,
173,30,1,False,,,,,
174,30,48,True,,,,,
175,30,42,True,,,,,
176,30,1,False,,,,,
177,30,1,False,,,,,
178,30,1,False,,,,,
179,30,1,False,,,,,
180,30,1,False,,,,,
181,30,36,True,,,,,
182,30,1,False,,,,,
183,30,40,True,,,,,
184,30,308763517,False,,,,,
185,30,114,True,,,,,
186,30,47,True,,,,,
187,30,1350475,False,,,,,
188,30,594429,False,,,,,
189,30,41,True,,,,,
190,30,1,False,,,,,
191,30,4292587,False,,,,,
192,30,1,False,,,,,
193,30,42,True,,,,,
194,30,1,False,,,,,
195,30,1,False,,,,,
196,30,54,True,,,,,
197,30,3953243,False,,,,,
198,30,45,True,,,,,
199,30,48,True,,,,,
200,30,49,True,,,,,
201,30,35,True,,,,,
202,30,1,False,,,,,
203,30,51,True,,,,,
204,30,35147199,False,,,,,
205,30,38,True,,,,,
206,30,32,True,,,,,
207,30,1,False,,,,,
208,30,1,False,,,,,
209,30,20615551,False,,,,,
210,30,242757339,False,,,,,
211,30,36,True,,,,,
212,30,35,True,,,,,
213,30,29487,True,,,,,
214,30,48,True,,,,,
215,30,1,False,,,,,
216,30,1,False,,,,,
217,30,1,False,,,,,
218,30,1,False,,,,,
219,30,111861,False,,,,,
220,30,15402,True,,,,,
221,30,1,False,,,,,
222,30,42,True,,,,,
223,30,1,False,,,,,
224,30,34,True,,,,,
225,30,10437683,False,,,,,
226,30,4827,False,,,,,
227,30,9339,False,,,,,
228,30,41,True,,,,,
229,30,992,True,,,,,
230,30,1,False,,,,,
231,30,36,True,,,,,
232,30,43,True,,,,,
233,30,1,False,,,,,
234,30,16484,True,,,,,
235,30,43,True,,,,,
236,30,12404131,False,,,,,
237,30,41,True,,,,,
238,30,130,True,,,,,
239,30,1,False,,,,,
240,30,35,True,,,,,
241,30,1,False,,,,,
242,30,1874161,False,,,,,
243,30,3414715,False,,,,,
244,30,1,False,,,,,
245,30,32,True,,,,,
246,30,1,False,,,,,
247,30,1,False,,,,,
248,30,1,False,,,,,
249,30,38,True,,,,,
250,30,42,True,,,,,
251,30,29679683,False,,,,,
252,30,35,True,,,,,
253,30,797503,False,,,,,
254,30,199345813,False,,,,,
255,30,1,False,,,,,
256,30,43265,False,,,,,
257,30,36,True,,,,,
258,30,32,True,,,,,
259,30,39,True,,,,,
260,30,1,False,,,,,
261,30,265268631,False,,,,,
262,30,1,False,,,,,
263,30,1,False,,,,,
264,30,28960221,False,,,,,
265,30,279,False,,,,,
266,30,1,False,,,,,
267,30,1568513,False,,,,,
268,30,51,True,,,,,
269,30,38620701,False,,,,,
270,30,1,False,,,,,
271,30,34,True,,,,,
272,30,37,True,,,,,
273,30,42,True,,,,,
274,30,45,True,,,,,
275,30,39,True,,,,,
276,30,91487,False,,,,,
277,30,43,True,,,,,
278,30,330325,False,,,,,
279,30,1,False,,,,,
280,30,41,True,,,,,
281,30,1,False,,,,,
282,30,6432693,False,,,,,
283,30,57,True,,,,,
284,30,1,False,,,,,
285,30,53,True,,,,,
286,30,1,False,,,,,
287,30,1,False,,,,,
288,30,1,False,,,,,
289,30,32,True,,,,,
290,30,1,False,,,,,
291,30,53,True,,,,,
292,30,1219,False,,,,,
293,30,238243,False,,,,,
294,30,904038169,False,,,,,
295,30,114,True,,,,,
296,30,51,True,,,,,
297,30,45,True,,,,,
298,30,32,True,,,,,
299,30,41,True,,,,,
300,30,546,True,,,,,
301,30,39,True,,,,,
302,30,190,True,,,,,
303,30,1,False,,,,,
304,30,52,True,,,,,
305,30,1441,False,,,,,
306,30,35,True,,,,,
307,30,45,True,,,,,
308,30,1,False,,,,,
309,30,41,True,,,,,
310,30,1,False,,,,,
311,30,47,True,,,,,
312,30,1,False,,,,,
313,30,1,False,,,,,
314,30,1,False,,,,,
315,30,45,True,,,,,
316,30,33,True,,,,,
317,30,51,True,,,,,
318,30,42,True,,,,,
319,30,131025,False,,,,,
320,30,50,True,,,,,
321,30,59,True,,,,,
322,30,1,False,,,,,
323,30,1112660851,False,,,,,
324,30,58,True,,,,,
325,30,1,False,,,,,
326,30,35,True,,,,,
327,30,3367351,False,,,,,
328,30,285206789,False,,,,,
329,30,587949,False,,,,,
330,30,1190,True,,,,,
331,30,1,False,,,,,
332,30,37,True,,,,,
333,30,41,True,,,,,
334,30,42,True,,,,,
335,30,34693579,False,,,,,
336,30,39,True,,,,,
337,30,909011243,False,,,,,
338,30,37,True,,,,,
339,30,41,True,,,,,
340,30,175059623,False,,,,,
341,30,32,True,,,,,
342,30,223,True,,,,,
343,30,1,False,,,,,
344,30,50,True,,,,,
345,30,40,True,,,,,
346,30,1309,False,,,,,
347,30,32,True,,,,,
348,30,1,False,,,,,
349,30,36,True,,,,,
350,30,35,True,,,,,
351,30,1,False,,,,,
352,30,57,True,,,,,
353,30,34,True,,,,,
354,30,1,False,,,,,
355,30,33,True,,,,,
356,30,33170,True,,,,,
357,30,1946655,False,,,,,
358,30,1,False,,,,,
359,30,46,True,,,,,
360,30,75,True,,,,,
361,30,41,True,,,,,
362,30,1,False,,,,,
363,30,1,False,,,,,
364,30,38,True,,,,,
365,30,33,True,,,,,
366,30,32,True,,,,,
367,30,1,False,,,,,
368,30,1,False,,,,,
369,30,45,True,,,,,
370,30,1,False,,,,,
371,30,1,False,,,,,
372,30,32,True,,,,,
373,30,1,False,,,,,
374,30,1,False,,,,,
375,30,32,True,,,,,
376,30,40,True,,,,,
377,30,40,True,,,,,
378,30,40,True,,,,,
379,30,34,True,,,,,
380,30,32,True,,,,,
381,30,42,True,,,,,
382,30,1,False,,,,,
383,30,1,False,,,,,
384,30,1,False,,,,,
385,30,1,False,,,,,
386,30,25162,True,,,,,
387,30,48,True,,,,,
388,30,59,True,,,,,
389,30,42,True,,,,,
390,30,34,True,,,,,
391,30,33,True,,,,,
392,30,45,True,,,,,
393,30,37,True,,,,,
394,30,887468225,False,,,,,
395,30,4789467,False,,,,,
396,30,1,False,,,,,
397,30,54,True,,,,,
398,30,152296097,True,,,,,
399,30,156,True,,,,,
400,30,16879,False,,,,,
401,30,37,True,,,,,
402,30,100698201,False,,,,,
403,30,1,False,,,,,
404,30,43,True,,,,,
405,30,1,False,,,,,
406,30,42,True,,,,,
407,30,37,True,,,,,
408,30,35,True,,,,,
409,30,129,True,,,,,
410,30,265,False,,,,,
411,30,43,True,,,,,
412,30,284231,False,,,,,
413,30,39,True,,,,,
414,30,46,True,,,,,
415,30,2279,False,,,,,
416,30,38,True,,,,,
417,30,45,True,,,,,
418,30,272379,False,,,,,
419,30,41,True,,,,,
420,30,1,False,,,,,
421,30,37,True,,,,,
422,30,1,False,,,,,
423,30,887,False,,,,,
424,30,1157,True,,,,,
425,30,95703,True,,,,,
426,30,42,True,,,,,
427,30,23449287,False,,,,,
428,30,37,True,,,,,
429,30,1,False,,,,,
430,30,57,True,,,,,
431,30,40,True,,,,,
432,30,118,True,,,,,
433,30,37,True,,,,,
434,30,25927,False,,,,,
435,30,1,False,,,,,
436,30,38,True,,,,,
437,30,39,True,,,,,
438,30,1,False,,,,,
439,30,34,True,,,,,
440,30,48,True,,,,,
441,30,58,True,,,,,
442,30,39,True,,,,,
443,30,1,False,,,,,
444,30,1,False,,,,,
445,30,288257261,False,,,,,
446,30,35,True,,,,,
447,30,15543,False,,,,,
448,30,45,True,,,,,
449,30,50,True,,,,,
450,30,50,True,,,,,
451,30,6180933,False,,,,,
452,30,1,False,,,,,
453,30,1,False,,,,,
454,30,44,True,,,,,
455,30,103,True,,,,,
456,30,9193,False,,,,,
457,30,40,True,,,,,
458,30,51,True,,,,,
459,30,37,True,,,,,
460,30,32,True,,,,,
461,30,1,False,,,,,
462,30,38,True,,,,,
463,30,41,True,,,,,
464,30,665895091,False,,,,,
465,30,39,True,,,,,
466,30,32,True,,,,,
467,30,35,True,,,,,
468,30,7466985,False,,,,,
469,30,1,False,,,,,
470,30,1,False,,,,,
471,30,1,False,,,,,
472,30,32,True,,,,,
473,30,45,True,,,,,
474,30,1,False,,,,,
475,30,657,True,,,,,
476,30,1,False,,,,,
477,30,45,True,,,,,
478,30,46,True,,,,,
479,30,37,True,,,,,
480,30,1,False,,,,,
481,30,52,True,,,,,
482,30,1,False,,,,,
483,30,38,True,,,,,
484,30,167652131,False,,,,,
485,30,34,True,,,,,
486,30,35,True,,,,,
487,30,33,True,,,,,
488,30,1,False,,,,,
489,30,42,True,,,,,
490,30,100,True,,,,,
491,30,1,False,,,,,
492,30,1,False,,,,,
493,30,40,True,,,,,
494,30,50,True,,,,,
495,30,1,False,,,,,
496,30,4521749,False,,,,,
497,30,22689,True,,,,,
498,30,36,True,,,,,
499,30,50,True,,,,,
500,30,1270615,False,,,,,
